Date,Level,Neighboring level
2009-01-01,0.5961000000000001,0.5951000000000001
2009-01-02,0.5958,0.5886
2009-01-03,0.5955,0.5871000000000001
2009-01-04,0.5961000000000001,0.5833
2009-01-05,0.5964,0.5814
2009-01-06,0.5949,0.5787
2009-01-07,0.5982000000000001,0.5769000000000001
2009-01-08,0.6003000000000001,0.5784
2009-01-09,0.6047,0.5829
2009-01-10,0.6072000000000001,0.5844
2009-01-11,0.6137,0.5856
2009-01-12,0.614,0.5857
2009-01-13,0.6143000000000001,0.5881000000000001
2009-01-14,0.6124,0.5878
2009-01-15,0.6123000000000001,0.5887
2009-01-16,0.6115,0.5908
2009-01-17,0.6131,0.5903
2009-01-18,0.6112000000000001,0.5912000000000001
2009-01-19,0.6075,0.5894
2009-01-20,0.6052000000000001,0.5904
2009-01-21,0.6013000000000001,0.5919
2009-01-22,0.6005,0.5928
2009-01-23,0.5968,0.5926
2009-01-24,0.5952000000000001,0.5929
2009-01-25,0.5899,0.5926
2009-01-26,0.5905,0.5932000000000001
2009-01-27,0.5920000000000001,0.5942000000000001
2009-01-28,0.5972000000000001,0.596
2009-01-29,0.6036,0.5964
2009-01-30,0.6102000000000001,0.5996
2009-01-31,0.618,0.6007
2009-02-01,0.6269,0.6046
2009-02-02,0.6357,0.608
2009-02-03,0.6446000000000001,0.6119
2009-02-04,0.6513,0.619
2009-02-05,0.6609999999999999,0.6236
2009-02-06,0.6713,0.6278
2009-02-07,0.6815,0.6344000000000001
2009-02-08,0.6875,0.6427
2009-02-09,0.6947,0.6499
2009-02-10,0.6969000000000001,0.6556000000000001
2009-02-11,0.7007,0.6617000000000001
2009-02-12,0.7044,0.6688000000000001
2009-02-13,0.7078,0.6745
2009-02-14,0.7063,0.6809000000000001
2009-02-15,0.7063,0.6900000000000001
2009-02-16,0.7057,0.6961
2009-02-17,0.7018,0.6962
2009-02-18,0.7037,0.6995
2009-02-19,0.7020000000000001,0.7040000000000001
2009-02-20,0.7024,0.7076
2009-02-21,0.7030000000000001,0.7089000000000001
2009-02-22,0.7017,0.7100000000000001
2009-02-23,0.6993,0.7092
2009-02-24,0.6961,0.7131000000000001
2009-02-25,0.6936,0.7143
2009-02-26,0.6873,0.7141000000000001
2009-02-27,0.6843,0.7142000000000001
2009-02-28,0.6821,0.7137
2009-03-01,0.6799000000000001,0.7117
2009-03-02,0.6779999999999999,0.7106
2009-03-03,0.6745,0.7068
2009-03-04,0.6729,0.7045
2009-03-05,0.6707000000000001,0.7015
2009-03-06,0.6716000000000001,0.6997
2009-03-07,0.6724,0.6967
2009-03-08,0.6744,0.6961
2009-03-09,0.6761,0.6938000000000001
2009-03-10,0.6764,0.6943
2009-03-11,0.6802,0.6924
2009-03-12,0.6793,0.6886
2009-03-13,0.6843,0.6904
2009-03-14,0.6849000000000001,0.6880000000000001
2009-03-15,0.6880000000000001,0.6862
2009-03-16,0.6884,0.6831
2009-03-17,0.6944,0.6808000000000001
2009-03-18,0.6973,0.6806
2009-03-19,0.7031000000000001,0.6793
2009-03-20,0.7084,0.6827000000000001
2009-03-21,0.7106,0.6844
2009-03-22,0.7152000000000001,0.6861
2009-03-23,0.7221000000000001,0.6897
2009-03-24,0.7249,0.6957
2009-03-25,0.7324,0.6982
2009-03-26,0.7357,0.7036
2009-03-27,0.743,0.7074
2009-03-28,0.7511,0.7147
2009-03-29,0.7568,0.7210000000000001
2009-03-30,0.7643000000000001,0.7266
2009-03-31,0.7714000000000001,0.731
2009-04-01,0.7763,0.7395
2009-04-02,0.7838,0.7475
2009-04-03,0.7893,0.7548
2009-04-04,0.7937000000000001,0.7609999999999999
2009-04-05,0.7992,0.7702
2009-04-06,0.8073,0.7768
2009-04-07,0.8115,0.7834
2009-04-08,0.8186,0.7912
2009-04-09,0.8248000000000001,0.7948000000000001
2009-04-10,0.8342,0.8025
2009-04-11,0.8411000000000001,0.8055
2009-04-12,0.8476,0.8114
2009-04-13,0.8547,0.8159000000000001
2009-04-14,0.8584,0.8191
2009-04-15,0.8588,0.8260000000000001
2009-04-16,0.8596,0.8306
2009-04-17,0.8618,0.8327
2009-04-18,0.863,0.8349000000000001
2009-04-19,0.862,0.8378
2009-04-20,0.8591000000000001,0.8406
2009-04-21,0.8554,0.8443
2009-04-22,0.8502000000000001,0.8454
2009-04-23,0.8456,0.8455
2009-04-24,0.8370000000000001,0.8447
2009-04-25,0.8288000000000001,0.8461000000000001
2009-04-26,0.8203,0.8473
2009-04-27,0.8109000000000001,0.8438
2009-04-28,0.8009999999999999,0.8389000000000001
2009-04-29,0.7923,0.8338
2009-04-30,0.7851,0.8291000000000001
2009-05-01,0.7788,0.8216
2009-05-02,0.7732,0.8159000000000001
2009-05-03,0.7689,0.8094
2009-05-04,0.7634000000000001,0.8053
2009-05-05,0.7616,0.7983
2009-05-06,0.7606,0.789
2009-05-07,0.7608,0.7858
2009-05-08,0.7602,0.7799
2009-05-09,0.7609,0.7751
2009-05-10,0.7616,0.7709
2009-05-11,0.7658,0.7711
2009-05-12,0.769,0.7646000000000001
2009-05-13,0.773,0.7644000000000001
2009-05-14,0.7781,0.7639
2009-05-15,0.7857000000000001,0.7617
2009-05-16,0.7915000000000001,0.7633000000000001
2009-05-17,0.8004,0.7628
2009-05-18,0.8074,0.7648
2009-05-19,0.8156,0.767
2009-05-20,0.8217,0.7711
2009-05-21,0.8292,0.779
2009-05-22,0.8374,0.7846000000000001
2009-05-23,0.8418,0.7897000000000001
2009-05-24,0.8471000000000001,0.7962
2009-05-25,0.8492000000000001,0.8022
2009-05-26,0.8499,0.8089000000000001
2009-05-27,0.8533000000000001,0.8151
2009-05-28,0.8582000000000001,0.8180000000000001
2009-05-29,0.8606,0.8221
2009-05-30,0.8647,0.8275
2009-05-31,0.8678,0.8338
2009-06-01,0.8729,0.8381000000000001
2009-06-02,0.8773000000000001,0.8434
2009-06-03,0.879,0.8489
2009-06-04,0.8829,0.8539
2009-06-05,0.8836,0.8574
2009-06-06,0.8887,0.8624
2009-06-07,0.8947,0.8662000000000001
2009-06-08,0.8997,0.8738
2009-06-09,0.9058,0.8771
2009-06-10,0.911,0.8821
2009-06-11,0.9152,0.8856
2009-06-12,0.9169,0.8906000000000001
2009-06-13,0.9223,0.8977
2009-06-14,0.9238,0.903
2009-06-15,0.9256,0.9079999999999999
2009-06-16,0.925,0.9123
2009-06-17,0.9224,0.9171
2009-06-18,0.9215,0.92
2009-06-19,0.9179,0.9237
2009-06-20,0.9173,0.9251
2009-06-21,0.912,0.9252
2009-06-22,0.9095,0.9229
2009-06-23,0.9037,0.9211
2009-06-24,0.902,0.9159
2009-06-25,0.9015,0.9107
2009-06-26,0.9016,0.9068
2009-06-27,0.9013,0.9032
2009-06-28,0.9009,0.9009999999999999
2009-06-29,0.8991,0.8973000000000001
2009-06-30,0.8991,0.8951
2009-07-01,0.8967,0.8946000000000001
2009-07-02,0.8944000000000001,0.892
2009-07-03,0.8896000000000001,0.8909999999999999
2009-07-04,0.8889,0.8906000000000001
2009-07-05,0.8821,0.8899
2009-07-06,0.8805000000000001,0.8954000000000001
2009-07-07,0.8726,0.8943000000000001
2009-07-08,0.8653000000000001,0.8927
2009-07-09,0.8584,0.8887
2009-07-10,0.8527,0.8877
2009-07-11,0.8445,0.8828
2009-07-12,0.8379000000000001,0.877
2009-07-13,0.8325,0.8711000000000001
2009-07-14,0.8286,0.867
2009-07-15,0.8210000000000001,0.8608
2009-07-16,0.8182,0.8570000000000001
2009-07-17,0.8169000000000001,0.8530000000000001
2009-07-18,0.8128000000000001,0.8507
2009-07-19,0.8137000000000001,0.8461000000000001
2009-07-20,0.8127000000000001,0.8450000000000001
2009-07-21,0.8130000000000001,0.8426
2009-07-22,0.8158000000000001,0.8426
2009-07-23,0.8101,0.8440000000000001
2009-07-24,0.8107000000000001,0.8439000000000001
2009-07-25,0.8088000000000001,0.8413
2009-07-26,0.8077000000000001,0.8428
2009-07-27,0.8033,0.8401000000000001
2009-07-28,0.8019000000000001,0.8375
2009-07-29,0.7956000000000001,0.8334
2009-07-30,0.792,0.8294
2009-07-31,0.7912,0.8268000000000001
2009-08-01,0.7847000000000001,0.8231
2009-08-02,0.7813,0.8220000000000001
2009-08-03,0.7792,0.8157000000000001
2009-08-04,0.7738,0.8108000000000001
2009-08-05,0.772,0.8063
2009-08-06,0.769,0.8021
2009-08-07,0.7663000000000001,0.7973
2009-08-08,0.7624000000000001,0.7917000000000001
2009-08-09,0.7587,0.787
2009-08-10,0.7552,0.7829
2009-08-11,0.7502000000000001,0.7816000000000001
2009-08-12,0.7449,0.7774000000000001
2009-08-13,0.7431,0.7715000000000001
2009-08-14,0.7390000000000001,0.7705000000000001
2009-08-15,0.7361000000000001,0.7686000000000001
2009-08-16,0.735,0.7645000000000001
2009-08-17,0.7315,0.7629
2009-08-18,0.7308,0.7645000000000001
2009-08-19,0.7318,0.7609999999999999
2009-08-20,0.7313000000000001,0.7623000000000001
2009-08-21,0.7296,0.7612
2009-08-22,0.7303000000000001,0.7603000000000001
2009-08-23,0.7318,0.7593000000000001
2009-08-24,0.7322000000000001,0.7544000000000001
2009-08-25,0.7328,0.752
2009-08-26,0.7349,0.7499
2009-08-27,0.7363000000000001,0.7479
2009-08-28,0.7385,0.746
2009-08-29,0.741,0.7417
2009-08-30,0.7419,0.7394000000000001
2009-08-31,0.7436,0.7364
2009-09-01,0.7446,0.7341000000000001
2009-09-02,0.7487,0.7302000000000001
2009-09-03,0.7491,0.7304
2009-09-04,0.7469,0.7267
2009-09-05,0.7453000000000001,0.7254
2009-09-06,0.7415,0.7246
2009-09-07,0.7382000000000001,0.7196
2009-09-08,0.7357,0.7163
2009-09-09,0.7317,0.7147
2009-09-10,0.7264,0.7117
2009-09-11,0.7212000000000001,0.7083
2009-09-12,0.7182000000000001,0.7026
2009-09-13,0.7145,0.6981
2009-09-14,0.7120000000000001,0.6958000000000001
2009-09-15,0.7114,0.6919000000000001
2009-09-16,0.7090000000000001,0.6887
2009-09-17,0.7105,0.6866
2009-09-18,0.7114,0.684
2009-09-19,0.7154,0.6824
2009-09-20,0.7191000000000001,0.6834
2009-09-21,0.7243,0.6845
2009-09-22,0.7279,0.6872
2009-09-23,0.7339,0.6919000000000001
2009-09-24,0.7426,0.6992
2009-09-25,0.7491,0.7040000000000001
2009-09-26,0.7601,0.7126
2009-09-27,0.7659999999999999,0.7214
2009-09-28,0.7714000000000001,0.7284
2009-09-29,0.7792,0.7375
2009-09-30,0.7841,0.7469
2009-10-01,0.7894,0.758
2009-10-02,0.794,0.7623000000000001
2009-10-03,0.7958000000000001,0.7661
2009-10-04,0.7959,0.7695000000000001
2009-10-05,0.7978000000000001,0.7748
2009-10-06,0.7976000000000001,0.7772
2009-10-07,0.7987000000000001,0.7777000000000001
2009-10-08,0.8007000000000001,0.7802
2009-10-09,0.8018000000000001,0.7811
2009-10-10,0.8052,0.7857000000000001
2009-10-11,0.8077000000000001,0.7893
2009-10-12,0.8131,0.7923
2009-10-13,0.8168000000000001,0.7965
2009-10-14,0.8192,0.7974
2009-10-15,0.8193,0.7999
2009-10-16,0.8190000000000001,0.8021
2009-10-17,0.8198000000000001,0.8028000000000001
2009-10-18,0.8201,0.8017000000000001
2009-10-19,0.8177000000000001,0.7978000000000001
2009-10-20,0.8119000000000001,0.7947000000000001
2009-10-21,0.8084,0.7899
2009-10-22,0.8055,0.7864
2009-10-23,0.8004,0.7834
2009-10-24,0.7959,0.7776000000000001
2009-10-25,0.7905000000000001,0.7738
2009-10-26,0.7826000000000001,0.7701
2009-10-27,0.7757000000000001,0.7644000000000001
2009-10-28,0.7706000000000001,0.7614000000000001
2009-10-29,0.7672,0.7594000000000001
2009-10-30,0.7635000000000001,0.7592
2009-10-31,0.7604000000000001,0.76
2009-11-01,0.7535000000000001,0.7602
2009-11-02,0.7515000000000001,0.7619
2009-11-03,0.748,0.76
2009-11-04,0.7442000000000001,0.7619
2009-11-05,0.7404000000000001,0.7577
2009-11-06,0.7354,0.7561
2009-11-07,0.7321000000000001,0.7512000000000001
2009-11-08,0.7275,0.7471
2009-11-09,0.7250000000000001,0.7444000000000001
2009-11-10,0.7241000000000001,0.7412000000000001
2009-11-11,0.7180000000000001,0.7349
2009-11-12,0.7168,0.7326
2009-11-13,0.7149,0.7290000000000001
2009-11-14,0.7106,0.7262000000000001
2009-11-15,0.7114,0.7190000000000001
2009-11-16,0.7083,0.7136
2009-11-17,0.7090000000000001,0.7095
2009-11-18,0.7056,0.7072
2009-11-19,0.7053,0.7062
2009-11-20,0.7028,0.7045
2009-11-21,0.7009000000000001,0.7042
2009-11-22,0.7006,0.7024
2009-11-23,0.6973,0.7013
2009-11-24,0.6959000000000001,0.6980000000000001
2009-11-25,0.6947,0.6952
2009-11-26,0.6928000000000001,0.6931
2009-11-27,0.6918000000000001,0.6904
2009-11-28,0.6897,0.6889000000000001
2009-11-29,0.6894,0.6851
2009-11-30,0.6868000000000001,0.6794
2009-12-01,0.6865,0.6767000000000001
2009-12-02,0.6859000000000001,0.6741
2009-12-03,0.6848000000000001,0.6743
2009-12-04,0.6843,0.6729999999999999
2009-12-05,0.6827000000000001,0.6685
2009-12-06,0.6812,0.6675
2009-12-07,0.6798000000000001,0.6666000000000001
2009-12-08,0.68,0.6666000000000001
2009-12-09,0.6811,0.6673
2009-12-10,0.6803,0.6679999999999999
2009-12-11,0.6801,0.6692
2009-12-12,0.6814,0.6728000000000001
2009-12-13,0.6806,0.6754
2009-12-14,0.6828000000000001,0.6752
2009-12-15,0.6807000000000001,0.6768000000000001
2009-12-16,0.6793,0.6783
2009-12-17,0.6801,0.6777000000000001
2009-12-18,0.68,0.68
2009-12-19,0.6787000000000001,0.6808000000000001
2009-12-20,0.6751,0.6804
2009-12-21,0.6752,0.6807000000000001
2009-12-22,0.6734,0.6792
2009-12-23,0.6716000000000001,0.6771
2009-12-24,0.6679,0.6731
2009-12-25,0.6646000000000001,0.6693
2009-12-26,0.6593,0.6659
2009-12-27,0.6557000000000001,0.6629999999999999
2009-12-28,0.6488,0.66
2009-12-29,0.6428,0.6539
2009-12-30,0.6359,0.6503
2009-12-31,0.6315000000000001,0.6463
2010-01-01,0.6271,0.6401
2010-01-02,0.6252,0.6377
2010-01-03,0.6241,0.6344000000000001
2010-01-04,0.6221,0.6306
2010-01-05,0.6222,0.6273000000000001
2010-01-06,0.6223000000000001,0.624
2010-01-07,0.6234000000000001,0.6221
2010-01-08,0.6241,0.6205
2010-01-09,0.6254000000000001,0.6173000000000001
2010-01-10,0.6286,0.6151
2010-01-11,0.6328,0.6127
2010-01-12,0.6359,0.6139
2010-01-13,0.6374000000000001,0.6137
2010-01-14,0.6383,0.6163000000000001
2010-01-15,0.6393,0.6169
2010-01-16,0.6385000000000001,0.6207
2010-01-17,0.6389,0.6208
2010-01-18,0.6387,0.6224000000000001
2010-01-19,0.6362,0.6234000000000001
2010-01-20,0.636,0.6244000000000001
2010-01-21,0.6355000000000001,0.626
2010-01-22,0.6357,0.6288
2010-01-23,0.637,0.6309
2010-01-24,0.6363,0.6322
2010-01-25,0.638,0.6341
2010-01-26,0.639,0.6367
2010-01-27,0.6437,0.6387
2010-01-28,0.6475000000000001,0.6414000000000001
2010-01-29,0.6495000000000001,0.6438
2010-01-30,0.6545000000000001,0.6474000000000001
2010-01-31,0.6599,0.6492
2010-02-01,0.6659,0.6528
2010-02-02,0.6711,0.6559
2010-02-03,0.68,0.6591
2010-02-04,0.6859999999999999,0.6643
2010-02-05,0.6911,0.6676000000000001
2010-02-06,0.6961,0.6697000000000001
2010-02-07,0.7021000000000001,0.6748000000000001
2010-02-08,0.7081000000000001,0.6809999999999999
2010-02-09,0.7123,0.684
2010-02-10,0.7154,0.6899000000000001
2010-02-11,0.7185,0.6952
2010-02-12,0.7239,0.6994
2010-02-13,0.7291000000000001,0.7056
2010-02-14,0.7308,0.7111000000000001
2010-02-15,0.7319,0.7167
2010-02-16,0.7352000000000001,0.7200000000000001
2010-02-17,0.7374,0.7220000000000001
2010-02-18,0.7394000000000001,0.7260000000000001
2010-02-19,0.7436,0.7302000000000001
2010-02-20,0.7471,0.7334
2010-02-21,0.752,0.7353000000000001
2010-02-22,0.754,0.7373000000000001
2010-02-23,0.7573000000000001,0.7405
2010-02-24,0.7595000000000001,0.7438
2010-02-25,0.7626000000000001,0.7464000000000001
2010-02-26,0.7634000000000001,0.7486
2010-02-27,0.7617,0.7507
2010-02-28,0.7622,0.7529
2010-03-01,0.7554000000000001,0.7537
2010-03-02,0.7469,0.7535000000000001
2010-03-03,0.7414000000000001,0.7535000000000001
2010-03-04,0.7364,0.7528
2010-03-05,0.7303000000000001,0.7468
2010-03-06,0.7235,0.7442000000000001
2010-03-07,0.7181000000000001,0.7390000000000001
2010-03-08,0.7137,0.7339
2010-03-09,0.7104,0.7286
2010-03-10,0.7050000000000001,0.7222000000000001
2010-03-11,0.7016,0.7145
2010-03-12,0.6988000000000001,0.7087
2010-03-13,0.6998000000000001,0.7029000000000001
2010-03-14,0.6997,0.6979000000000001
2010-03-15,0.6999000000000001,0.6928000000000001
2010-03-16,0.7011000000000001,0.6907
2010-03-17,0.7047,0.6894
2010-03-18,0.7069000000000001,0.6892
2010-03-19,0.7087,0.6899000000000001
2010-03-20,0.7122,0.6905
2010-03-21,0.7153,0.6953
2010-03-22,0.7238,0.6954
2010-03-23,0.7260000000000001,0.6986
2010-03-24,0.7284,0.7017
2010-03-25,0.7336,0.7078
2010-03-26,0.7352000000000001,0.7086
2010-03-27,0.7388,0.7107
2010-03-28,0.737,0.7149
2010-03-29,0.7402000000000001,0.7142000000000001
2010-03-30,0.7390000000000001,0.7165
2010-03-31,0.7397,0.7148
2010-04-01,0.7390000000000001,0.7147
2010-04-02,0.7377,0.7143
2010-04-03,0.7364,0.7115
2010-04-04,0.7344,0.7099000000000001
2010-04-05,0.7278,0.7082
2010-04-06,0.7232000000000001,0.7059000000000001
2010-04-07,0.7202000000000001,0.7040000000000001
2010-04-08,0.7198,0.7007
2010-04-09,0.7192000000000001,0.6990000000000001
2010-04-10,0.7204,0.6974
2010-04-11,0.7242000000000001,0.6983
2010-04-12,0.7301000000000001,0.7003
2010-04-13,0.7387,0.7053
2010-04-14,0.7455,0.7100000000000001
2010-04-15,0.7569,0.7141000000000001
2010-04-16,0.7671,0.7192000000000001
2010-04-17,0.7824,0.7250000000000001
2010-04-18,0.8037000000000001,0.733
2010-04-19,0.8214,0.7454000000000001
2010-04-20,0.8416,0.7535000000000001
2010-04-21,0.8608,0.763
2010-04-22,0.8809999999999999,0.775
2010-04-23,0.8959,0.7879
2010-04-24,0.9147,0.8023
2010-04-25,0.9305,0.8180000000000001
2010-04-26,0.9416,0.8341000000000001
2010-04-27,0.9525,0.8463
2010-04-28,0.9664,0.8632000000000001
2010-04-29,0.9724,0.8806
2010-04-30,0.981,0.898
2010-05-01,0.9831,0.9132
2010-05-02,0.9828,0.9279
2010-05-03,0.9752,0.9404
2010-05-04,0.9694,0.9514
2010-05-05,0.9576,0.9617
2010-05-06,0.9443,0.9669
2010-05-07,0.9295,0.9688
2010-05-08,0.9104,0.9647
2010-05-09,0.8933000000000001,0.9602
2010-05-10,0.8719,0.9547
2010-05-11,0.8490000000000001,0.9431
2010-05-12,0.8295,0.9309
2010-05-13,0.8144,0.9128
2010-05-14,0.7965,0.8948
2010-05-15,0.7803,0.8731
2010-05-16,0.765,0.8548
2010-05-17,0.7517,0.8393
2010-05-18,0.7432000000000001,0.8202
2010-05-19,0.7338,0.8022
2010-05-20,0.7248,0.7871
2010-05-21,0.7194,0.7704000000000001
2010-05-22,0.7142000000000001,0.7598
2010-05-23,0.7113,0.7474000000000001
2010-05-24,0.7076,0.7376
2010-05-25,0.7082,0.73
2010-05-26,0.7058,0.7244
2010-05-27,0.7047,0.7211000000000001
2010-05-28,0.6998000000000001,0.7157
2010-05-29,0.6981,0.7127
2010-05-30,0.6955,0.7101000000000001
2010-05-31,0.6919000000000001,0.7012
2010-06-01,0.6881,0.6967
2010-06-02,0.6838000000000001,0.6947
2010-06-03,0.6788000000000001,0.6926
2010-06-04,0.6743,0.6879000000000001
2010-06-05,0.67,0.6817000000000001
2010-06-06,0.6649,0.6761
2010-06-07,0.6592,0.6707000000000001
2010-06-08,0.6551,0.6669
2010-06-09,0.6525000000000001,0.6603
2010-06-10,0.6505000000000001,0.6557000000000001
2010-06-11,0.6494,0.6527000000000001
2010-06-12,0.6496000000000001,0.6533
2010-06-13,0.6465000000000001,0.6494
2010-06-14,0.6518,0.6477
2010-06-15,0.6507000000000001,0.6483
2010-06-16,0.653,0.6509999999999999
2010-06-17,0.6504,0.6542
2010-06-18,0.65,0.6575000000000001
2010-06-19,0.6445000000000001,0.6559999999999999
2010-06-20,0.6417,0.6585000000000001
2010-06-21,0.6415000000000001,0.6595000000000001
2010-06-22,0.6386000000000001,0.6609
2010-06-23,0.6357,0.6615
2010-06-24,0.633,0.6616000000000001
2010-06-25,0.6298,0.6635
2010-06-26,0.6305000000000001,0.6626000000000001
2010-06-27,0.6316,0.6625
2010-06-28,0.6315000000000001,0.6611
2010-06-29,0.6318,0.6601
2010-06-30,0.6344000000000001,0.6586000000000001
2010-07-01,0.6345000000000001,0.6548
2010-07-02,0.6352,0.6532
2010-07-03,0.6344000000000001,0.6511
2010-07-04,0.6384000000000001,0.6477
2010-07-05,0.6401,0.6433
2010-07-06,0.6384000000000001,0.6447
2010-07-07,0.6413,0.6451
2010-07-08,0.642,0.6451
2010-07-09,0.6406000000000001,0.6466000000000001
2010-07-10,0.636,0.6469
2010-07-11,0.6326,0.6492
2010-07-12,0.6287,0.6459999999999999
2010-07-13,0.622,0.6475000000000001
2010-07-14,0.624,0.6473
2010-07-15,0.6189,0.6428
2010-07-16,0.6112000000000001,0.6436000000000001
2010-07-17,0.6045,0.6402
2010-07-18,0.5966,0.635
2010-07-19,0.5948,0.6315000000000001
2010-07-20,0.5961000000000001,0.6272
2010-07-21,0.5974,0.6243000000000001
2010-07-22,0.5959,0.6199
2010-07-23,0.6013000000000001,0.6169
2010-07-24,0.6079,0.6131
2010-07-25,0.6086,0.6152000000000001
2010-07-26,0.6124,0.6139
2010-07-27,0.6199,0.6128
2010-07-28,0.6226,0.6126
2010-07-29,0.6277,0.6089
2010-07-30,0.6301,0.6103000000000001
2010-07-31,0.6343,0.6072000000000001
2010-08-01,0.6371,0.6055
2010-08-02,0.642,0.6051000000000001
2010-08-03,0.648,0.6099
2010-08-04,0.6502,0.6111
2010-08-05,0.65,0.6126
2010-08-06,0.648,0.6118
2010-08-07,0.6495000000000001,0.6125
2010-08-08,0.6483,0.6099
2010-08-09,0.6479,0.6061000000000001
2010-08-10,0.6454000000000001,0.6066
2010-08-11,0.6414000000000001,0.6062000000000001
2010-08-12,0.6409999999999999,0.6058
2010-08-13,0.6355000000000001,0.6018
2010-08-14,0.6309,0.5963
2010-08-15,0.6279,0.5953
2010-08-16,0.6224000000000001,0.5912000000000001
2010-08-17,0.6232,0.5874
2010-08-18,0.6214000000000001,0.5820000000000001
2010-08-19,0.6208,0.5805
2010-08-20,0.6211,0.5784
2010-08-21,0.624,0.5806
2010-08-22,0.6253000000000001,0.5819
2010-08-23,0.6362,0.5842
2010-08-24,0.6419,0.5870000000000001
2010-08-25,0.6469,0.5932000000000001
2010-08-26,0.6497,0.5989
2010-08-27,0.6535000000000001,0.6053000000000001
2010-08-28,0.6536000000000001,0.6112000000000001
2010-08-29,0.6544,0.6151
2010-08-30,0.6551,0.6174000000000001
2010-08-31,0.6535000000000001,0.6187
2010-09-01,0.6507000000000001,0.6201
2010-09-02,0.6493,0.6192000000000001
2010-09-03,0.6476000000000001,0.6162000000000001
2010-09-04,0.6432,0.6147
2010-09-05,0.6429,0.6078
2010-09-06,0.6385000000000001,0.6055
2010-09-07,0.6366,0.6023000000000001
2010-09-08,0.634,0.599
2010-09-09,0.633,0.5988
2010-09-10,0.6312,0.5985
2010-09-11,0.6303000000000001,0.5967
2010-09-12,0.6283000000000001,0.5968
2010-09-13,0.6281,0.5969
2010-09-14,0.6248,0.5971000000000001
2010-09-15,0.6239,0.5978
2010-09-16,0.6203000000000001,0.5989
2010-09-17,0.6173000000000001,0.6006
2010-09-18,0.6139,0.6008
2010-09-19,0.6136,0.6006
2010-09-20,0.6082000000000001,0.6007
2010-09-21,0.6037,0.5994
2010-09-22,0.6011000000000001,0.5930000000000001
2010-09-23,0.5933,0.5916
2010-09-24,0.5882000000000001,0.5889
2010-09-25,0.5814,0.5819
2010-09-26,0.5736,0.5753
2010-09-27,0.5653,0.5695
2010-09-28,0.5616,0.5642
2010-09-29,0.557,0.5567
2010-09-30,0.5489,0.5522
2010-10-01,0.546,0.5469
2010-10-02,0.5449,0.5429
2010-10-03,0.545,0.5365
2010-10-04,0.5471,0.5343
2010-10-05,0.5437000000000001,0.5283
2010-10-06,0.5418000000000001,0.5222
2010-10-07,0.5429,0.5186000000000001
2010-10-08,0.5407000000000001,0.5121
2010-10-09,0.5363,0.5061
2010-10-10,0.5338,0.5024000000000001
2010-10-11,0.5292,0.4982
2010-10-12,0.5279,0.4942
2010-10-13,0.5257000000000001,0.4898
2010-10-14,0.5211,0.4879
2010-10-15,0.5228,0.4876
2010-10-16,0.5165000000000001,0.4864
2010-10-17,0.5107,0.4829
2010-10-18,0.5052,0.4818
2010-10-19,0.5068,0.4765
2010-10-20,0.5064000000000001,0.4707
2010-10-21,0.5067,0.4663000000000001
2010-10-22,0.5071,0.4706
2010-10-23,0.5057,0.4749
2010-10-24,0.5056,0.4753
2010-10-25,0.5067,0.4723
2010-10-26,0.5061,0.4705
2010-10-27,0.5078,0.4694
2010-10-28,0.5102,0.4704
2010-10-29,0.5078,0.4674
2010-10-30,0.5101,0.4665
2010-10-31,0.5119,0.46799999999999997
2010-11-01,0.5114000000000001,0.473
2010-11-02,0.508,0.4752
2010-11-03,0.508,0.4757
2010-11-04,0.5072,0.4697
2010-11-05,0.5073,0.4704
2010-11-06,0.5067,0.4686
2010-11-07,0.507,0.4673000000000001
2010-11-08,0.5028,0.4666
2010-11-09,0.5014000000000001,0.466
2010-11-10,0.4955,0.4659
2010-11-11,0.4928,0.4663000000000001
2010-11-12,0.4903,0.4655
2010-11-13,0.4882,0.4653000000000001
2010-11-14,0.4863,0.4668000000000001
2010-11-15,0.4833,0.4665
2010-11-16,0.4798,0.4665
2010-11-17,0.4752,0.4649
2010-11-18,0.4757,0.4618
2010-11-19,0.4735,0.4581
2010-11-20,0.4726,0.4561
2010-11-21,0.4674,0.4542000000000001
2010-11-22,0.4639,0.4543
2010-11-23,0.4603,0.4525
2010-11-24,0.4566,0.4497
2010-11-25,0.4511,0.4476
2010-11-26,0.4467,0.4464
2010-11-27,0.4421000000000001,0.444
2010-11-28,0.4355,0.4354
2010-11-29,0.4319,0.4309
2010-11-30,0.4214,0.4305
2010-12-01,0.4168,0.425
2010-12-02,0.4122,0.4201
2010-12-03,0.4092,0.4162
2010-12-04,0.408,0.4087
2010-12-05,0.4068,0.4068
2010-12-06,0.4068,0.4051
2010-12-07,0.4055,0.4024
2010-12-08,0.4046,0.4016
2010-12-09,0.4095,0.4031
2010-12-10,0.4135,0.4045
2010-12-11,0.414,0.4079
2010-12-12,0.4171,0.409
2010-12-13,0.4208,0.4106
2010-12-14,0.4234,0.4144000000000001
2010-12-15,0.4262,0.4188
2010-12-16,0.4305,0.42
2010-12-17,0.4335,0.423
2010-12-18,0.4362,0.4247
2010-12-19,0.4377,0.4268
2010-12-20,0.4394,0.4275000000000001
2010-12-21,0.4397,0.4312
2010-12-22,0.4402,0.4327
2010-12-23,0.443,0.4323
2010-12-24,0.4437,0.4308
2010-12-25,0.4456,0.43
2010-12-26,0.4487,0.4284
2010-12-27,0.4512000000000001,0.4289
2010-12-28,0.4564,0.4295
2010-12-29,0.463,0.4308
2010-12-30,0.4748,0.4326
2010-12-31,0.4792,0.4374
2011-01-01,0.4821,0.4432
2011-01-02,0.4811,0.4493
2011-01-03,0.4806,0.4479
2011-01-04,0.4803,0.4524
2011-01-05,0.48,0.4537000000000001
2011-01-06,0.4804000000000001,0.4542000000000001
2011-01-07,0.4767,0.4546
2011-01-08,0.4761,0.4537000000000001
2011-01-09,0.4735,0.451
2011-01-10,0.4706,0.4495
2011-01-11,0.4721,0.44799999999999995
2011-01-12,0.4738,0.4457
2011-01-13,0.4764000000000001,0.44299999999999995
2011-01-14,0.4787,0.4418
2011-01-15,0.4828,0.4426000000000001
2011-01-16,0.483,0.4437
2011-01-17,0.488,0.4446
2011-01-18,0.4921,0.4473
2011-01-19,0.4986,0.4504
2011-01-20,0.5024000000000001,0.4542000000000001
2011-01-21,0.5072,0.4589
2011-01-22,0.5126000000000001,0.4672
2011-01-23,0.5173,0.4742
2011-01-24,0.5231,0.4803
2011-01-25,0.527,0.4882
2011-01-26,0.53,0.4944
2011-01-27,0.534,0.5005000000000001
2011-01-28,0.535,0.5071
2011-01-29,0.5359,0.5113
2011-01-30,0.5353,0.5134000000000001
2011-01-31,0.5383,0.5156000000000001
2011-02-01,0.5396000000000001,0.514
2011-02-02,0.5396000000000001,0.5158
2011-02-03,0.541,0.5169
2011-02-04,0.5432,0.5166000000000001
2011-02-05,0.5452,0.5152
2011-02-06,0.5447000000000001,0.5184
2011-02-07,0.545,0.5182
2011-02-08,0.5452,0.5205000000000001
2011-02-09,0.5461,0.5232
2011-02-10,0.5471,0.5251
2011-02-11,0.5451,0.5266000000000001
2011-02-12,0.546,0.5266000000000001
2011-02-13,0.5456,0.5289
2011-02-14,0.545,0.5302
2011-02-15,0.5431,0.5319
2011-02-16,0.5401,0.5344
2011-02-17,0.5396000000000001,0.5354
2011-02-18,0.5386000000000001,0.5361
2011-02-19,0.5374,0.5372
2011-02-20,0.5351,0.5356000000000001
2011-02-21,0.5332,0.5364
2011-02-22,0.532,0.5362
2011-02-23,0.5309,0.5368
2011-02-24,0.5312,0.5365
2011-02-25,0.5307000000000001,0.5364
2011-02-26,0.5303,0.5368
2011-02-27,0.5281,0.5362
2011-02-28,0.5282,0.5355
2011-03-01,0.5275000000000001,0.5344
2011-03-02,0.5236000000000001,0.5326000000000001
2011-03-03,0.5228,0.5281
2011-03-04,0.5246000000000001,0.5282
2011-03-05,0.5283,0.528
2011-03-06,0.5337000000000001,0.5283
2011-03-07,0.5379999999999999,0.5305
2011-03-08,0.5423,0.534
2011-03-09,0.5459,0.5374
2011-03-10,0.5493,0.539
2011-03-11,0.5529999999999999,0.5449
2011-03-12,0.5567,0.5504
2011-03-13,0.5592,0.5545
2011-03-14,0.5612,0.5609000000000001
2011-03-15,0.5637,0.5649000000000001
2011-03-16,0.5669000000000001,0.5693
2011-03-17,0.5667,0.5727
2011-03-18,0.5648000000000001,0.5757
2011-03-19,0.5643,0.5771000000000001
2011-03-20,0.5634,0.5778
2011-03-21,0.5634,0.5765
2011-03-22,0.5622,0.5770000000000001
2011-03-23,0.5608000000000001,0.5758
2011-03-24,0.5598000000000001,0.5750000000000001
2011-03-25,0.5602,0.5730000000000001
2011-03-26,0.5592,0.5694
2011-03-27,0.5601,0.5687
2011-03-28,0.5586,0.5687
2011-03-29,0.5586,0.5684
2011-03-30,0.5565,0.5670000000000001
2011-03-31,0.5588000000000001,0.5645
2011-04-01,0.5589999999999999,0.5642
2011-04-02,0.5619000000000001,0.5676
2011-04-03,0.5609000000000001,0.5672
2011-04-04,0.5616,0.5649000000000001
2011-04-05,0.5628000000000001,0.5623
2011-04-06,0.5642,0.5592
2011-04-07,0.5641,0.5579000000000001
2011-04-08,0.5665,0.5561
2011-04-09,0.5652,0.5551
2011-04-10,0.5660000000000001,0.5535
2011-04-11,0.5647,0.5523
2011-04-12,0.5645,0.5513
2011-04-13,0.5662,0.5509000000000001
2011-04-14,0.5654,0.5498000000000001
2011-04-15,0.5664,0.5498000000000001
2011-04-16,0.5669000000000001,0.5499
2011-04-17,0.5704,0.5508000000000001
2011-04-18,0.5676,0.5501
2011-04-19,0.5706,0.5511
2011-04-20,0.5737,0.5507000000000001
2011-04-21,0.5776,0.5514
2011-04-22,0.5796,0.5501
2011-04-23,0.5843,0.5522
2011-04-24,0.5876,0.5529000000000001
2011-04-25,0.5902000000000001,0.5545
2011-04-26,0.5953,0.5596
2011-04-27,0.5994,0.5627
2011-04-28,0.6045,0.5669000000000001
2011-04-29,0.6079,0.5739000000000001
2011-04-30,0.6075,0.5811000000000001
2011-05-01,0.6083000000000001,0.5847
2011-05-02,0.606,0.5900000000000001
2011-05-03,0.6061000000000001,0.5937
2011-05-04,0.6031000000000001,0.5991000000000001
2011-05-05,0.6028,0.6033000000000001
2011-05-06,0.6028,0.6081
2011-05-07,0.6025,0.6107
2011-05-08,0.6016,0.6125
2011-05-09,0.6016,0.6143000000000001
2011-05-10,0.6011000000000001,0.6153000000000001
2011-05-11,0.6006,0.6141
2011-05-12,0.6004,0.6125
2011-05-13,0.5999,0.6094
2011-05-14,0.6029,0.6077
2011-05-15,0.6043000000000001,0.6045
2011-05-16,0.6036,0.6039
2011-05-17,0.6096,0.6007
2011-05-18,0.6137,0.6017
2011-05-19,0.617,0.6022000000000001
2011-05-20,0.6223000000000001,0.604
2011-05-21,0.6268,0.6028
2011-05-22,0.6289,0.6029
2011-05-23,0.6326,0.6023000000000001
2011-05-24,0.6357,0.6034
2011-05-25,0.6394000000000001,0.6046
2011-05-26,0.6426000000000001,0.6054
2011-05-27,0.6464000000000001,0.6061000000000001
2011-05-28,0.6513,0.6064
2011-05-29,0.6551,0.6066
2011-05-30,0.6592,0.6082000000000001
2011-05-31,0.6616000000000001,0.6109
2011-06-01,0.6623,0.6111
2011-06-02,0.6626000000000001,0.6118
2011-06-03,0.6619,0.6132000000000001
2011-06-04,0.6607000000000001,0.6134000000000001
2011-06-05,0.6602,0.6142000000000001
2011-06-06,0.6604,0.6144000000000001
2011-06-07,0.6607000000000001,0.6123000000000001
2011-06-08,0.6596000000000001,0.6122000000000001
2011-06-09,0.659,0.6083000000000001
2011-06-10,0.6574,0.6043000000000001
2011-06-11,0.6554,0.6041000000000001
2011-06-12,0.654,0.6032000000000001
2011-06-13,0.6552,0.601
2011-06-14,0.6565000000000001,0.5988
2011-06-15,0.6562,0.5975
2011-06-16,0.6602,0.5954
2011-06-17,0.6614,0.5962000000000001
2011-06-18,0.6591,0.5971000000000001
2011-06-19,0.6576000000000001,0.5975
2011-06-20,0.6537000000000001,0.5983
2011-06-21,0.6542,0.5994
2011-06-22,0.6515000000000001,0.6002000000000001
2011-06-23,0.6501,0.6012000000000001
2011-06-24,0.6467,0.6022000000000001
2011-06-25,0.6438,0.602
2011-06-26,0.6373,0.6017
2011-06-27,0.636,0.5986
2011-06-28,0.6351,0.5979
2011-06-29,0.6337,0.5964
2011-06-30,0.6291,0.5931000000000001
2011-07-01,0.6288,0.5943
2011-07-02,0.6287,0.5911000000000001
2011-07-03,0.6293000000000001,0.5889
2011-07-04,0.6289,0.5896
2011-07-05,0.6317,0.5904
2011-07-06,0.6372,0.5885
2011-07-07,0.6391,0.5894
2011-07-08,0.6414000000000001,0.5942000000000001
2011-07-09,0.6443,0.5963
2011-07-10,0.6455000000000001,0.5963
2011-07-11,0.6475000000000001,0.598
2011-07-12,0.6492,0.6017
2011-07-13,0.6509999999999999,0.6022000000000001
2011-07-14,0.6521,0.6033000000000001
2011-07-15,0.6535000000000001,0.6036
2011-07-16,0.6542,0.6033000000000001
2011-07-17,0.6568,0.6014
2011-07-18,0.6588,0.6016
2011-07-19,0.6632,0.602
2011-07-20,0.6659999999999999,0.6038
2011-07-21,0.6693,0.6078
2011-07-22,0.6717000000000001,0.6091
2011-07-23,0.6756,0.6119
2011-07-24,0.6769000000000001,0.6155
2011-07-25,0.6784,0.6196
2011-07-26,0.6799000000000001,0.6236
2011-07-27,0.6808000000000001,0.6277
2011-07-28,0.6824,0.6305000000000001
2011-07-29,0.6836,0.6357
2011-07-30,0.6795,0.6393
2011-07-31,0.6777000000000001,0.642
2011-08-01,0.6722,0.6457
2011-08-02,0.6679,0.6449
2011-08-03,0.6634,0.6438
2011-08-04,0.6584,0.6434000000000001
2011-08-05,0.654,0.6393
2011-08-06,0.65,0.6356
2011-08-07,0.6446000000000001,0.6314000000000001
2011-08-08,0.6387,0.6271
2011-08-09,0.6369,0.6197
2011-08-10,0.6322,0.615
2011-08-11,0.6295000000000001,0.6109
2011-08-12,0.627,0.6082000000000001
2011-08-13,0.6268,0.6061000000000001
2011-08-14,0.6294000000000001,0.6077
2011-08-15,0.6371,0.6105
2011-08-16,0.6398,0.614
2011-08-17,0.6386000000000001,0.6146
2011-08-18,0.6394000000000001,0.6129
2011-08-19,0.6386000000000001,0.6095
2011-08-20,0.6407,0.6098
2011-08-21,0.6367,0.6082000000000001
2011-08-22,0.6375000000000001,0.6072000000000001
2011-08-23,0.6374000000000001,0.6041000000000001
2011-08-24,0.6356,0.6023000000000001
2011-08-25,0.6392,0.6006
2011-08-26,0.637,0.6018
2011-08-27,0.6321,0.6006
2011-08-28,0.6277,0.6006
2011-08-29,0.6251,0.6002000000000001
2011-08-30,0.6219,0.5998
2011-08-31,0.6164000000000001,0.6007
2011-09-01,0.6136,0.6008
2011-09-02,0.6111,0.6003000000000001
2011-09-03,0.6091,0.6037
2011-09-04,0.6106,0.6046
2011-09-05,0.6092000000000001,0.6012000000000001
2011-09-06,0.6099,0.6017
2011-09-07,0.612,0.6012000000000001
2011-09-08,0.6127,0.6021000000000001
2011-09-09,0.6158,0.6019
2011-09-10,0.6164000000000001,0.6024
2011-09-11,0.6184000000000001,0.6015
2011-09-12,0.6226,0.6009
2011-09-13,0.6293000000000001,0.6002000000000001
2011-09-14,0.6303000000000001,0.6027
2011-09-15,0.6344000000000001,0.5971000000000001
2011-09-16,0.6379,0.6009
2011-09-17,0.6433,0.6029
2011-09-18,0.6448,0.6051000000000001
2011-09-19,0.65,0.611
2011-09-20,0.6509,0.6128
2011-09-21,0.6538,0.6162000000000001
2011-09-22,0.6549,0.62
2011-09-23,0.6586000000000001,0.6195
2011-09-24,0.6559,0.6214000000000001
2011-09-25,0.6535000000000001,0.6223000000000001
2011-09-26,0.6503,0.6229
2011-09-27,0.6503,0.6183000000000001
2011-09-28,0.6436000000000001,0.6197
2011-09-29,0.6418,0.623
2011-09-30,0.6403,0.6229
2011-10-01,0.637,0.6237
2011-10-02,0.6343,0.6227
2011-10-03,0.6341,0.6249
2011-10-04,0.6313000000000001,0.6259
2011-10-05,0.6287,0.6289
2011-10-06,0.6269,0.6266
2011-10-07,0.6254000000000001,0.6267
2011-10-08,0.623,0.6268
2011-10-09,0.6195,0.6253000000000001
2011-10-10,0.6172000000000001,0.6244000000000001
2011-10-11,0.614,0.6213000000000001
2011-10-12,0.6096,0.6218
2011-10-13,0.6093000000000001,0.6195
2011-10-14,0.6031000000000001,0.6178
2011-10-15,0.6007,0.6151
2011-10-16,0.5975,0.6129
2011-10-17,0.596,0.6055
2011-10-18,0.5926,0.6019
2011-10-19,0.5908,0.6005
2011-10-20,0.5890000000000001,0.5993
2011-10-21,0.5867,0.597
2011-10-22,0.5851000000000001,0.5984
2011-10-23,0.5827,0.5983
2011-10-24,0.5787,0.5945
2011-10-25,0.5770000000000001,0.5925
2011-10-26,0.5726,0.5882000000000001
2011-10-27,0.5691,0.5826
2011-10-28,0.5646,0.5815
2011-10-29,0.5638000000000001,0.5788
2011-10-30,0.5562,0.5767
2011-10-31,0.5537000000000001,0.5725
2011-11-01,0.5517000000000001,0.5705
2011-11-02,0.5508000000000001,0.5676
2011-11-03,0.5494,0.5658000000000001
2011-11-04,0.5471,0.5636
2011-11-05,0.5454,0.56
2011-11-06,0.5433,0.5566
2011-11-07,0.5412,0.5549000000000001
2011-11-08,0.5395,0.5499
2011-11-09,0.5368,0.5451
2011-11-10,0.5325,0.5391
2011-11-11,0.5319,0.5346000000000001
2011-11-12,0.5289,0.531
2011-11-13,0.529,0.523
2011-11-14,0.5247,0.5196000000000001
2011-11-15,0.5217,0.5157
2011-11-16,0.5176000000000001,0.5102
2011-11-17,0.5143,0.5054000000000001
2011-11-18,0.5107,0.5009
2011-11-19,0.512,0.4986
2011-11-20,0.5096,0.4947
2011-11-21,0.5058,0.4901
2011-11-22,0.5038,0.4878
2011-11-23,0.5002,0.4841
2011-11-24,0.4959,0.479
2011-11-25,0.4942,0.4772
2011-11-26,0.4928,0.4718
2011-11-27,0.4903,0.4697
2011-11-28,0.4900000000000001,0.4652
2011-11-29,0.4878,0.46299999999999997
2011-11-30,0.4842,0.4587
2011-12-01,0.4806,0.4569
2011-12-02,0.4783,0.4552000000000001
2011-12-03,0.4773,0.4567
2011-12-04,0.4788,0.4541
2011-12-05,0.478,0.4547000000000001
2011-12-06,0.4809000000000001,0.4566
2011-12-07,0.4822,0.4595
2011-12-08,0.4819000000000001,0.4605
2011-12-09,0.48200000000000004,0.46399999999999997
2011-12-10,0.4826,0.4643000000000001
2011-12-11,0.4841,0.4662
2011-12-12,0.4869,0.4693
2011-12-13,0.4893,0.4721
2011-12-14,0.4914,0.4738
2011-12-15,0.4912,0.4772
2011-12-16,0.4908,0.4777
2011-12-17,0.4901,0.4765
2011-12-18,0.4876,0.4766
2011-12-19,0.483,0.4749
2011-12-20,0.4814000000000001,0.4717
2011-12-21,0.4793,0.4671
2011-12-22,0.47600000000000003,0.4654
2011-12-23,0.4717,0.46
2011-12-24,0.4688000000000001,0.4565
2011-12-25,0.467,0.4538
2011-12-26,0.4608,0.4508
2011-12-27,0.4599,0.451
2011-12-28,0.4628,0.4457
2011-12-29,0.4628,0.4459
2011-12-30,0.4628,0.4478
2011-12-31,0.4659,0.4512000000000001
2012-01-01,0.4685,0.4553
2012-01-02,0.4685,0.4603
2012-01-03,0.4682,0.4622
2012-01-04,0.468,0.4654
2012-01-05,0.4693,0.4668000000000001
2012-01-06,0.47,0.469
2012-01-07,0.468,0.4701
2012-01-08,0.4693,0.4716
2012-01-09,0.4673000000000001,0.4737
2012-01-10,0.4651,0.4783
2012-01-11,0.4655,0.4776
2012-01-12,0.4661,0.4807
2012-01-13,0.4703,0.4808
2012-01-14,0.4737,0.4781
2012-01-15,0.4782,0.4801
2012-01-16,0.4861,0.4817
2012-01-17,0.4934,0.4835
2012-01-18,0.5016,0.4879
2012-01-19,0.5082,0.4932
2012-01-20,0.5142,0.4993
2012-01-21,0.5207,0.5062
2012-01-22,0.5287000000000001,0.5111
2012-01-23,0.5316000000000001,0.5185000000000001
2012-01-24,0.5395,0.5264
2012-01-25,0.5438000000000001,0.5343
2012-01-26,0.5496,0.5399
2012-01-27,0.5518000000000001,0.5458000000000001
2012-01-28,0.5581,0.552
2012-01-29,0.5602,0.5589000000000001
2012-01-30,0.5592,0.5647
2012-01-31,0.5611,0.5668000000000001
2012-02-01,0.5630000000000001,0.5702
2012-02-02,0.5660000000000001,0.5746
2012-02-03,0.5661,0.5760000000000001
2012-02-04,0.5680000000000001,0.5761000000000001
2012-02-05,0.5722,0.5775
2012-02-06,0.5742,0.5808
2012-02-07,0.5784,0.5812
2012-02-08,0.5814,0.5833
2012-02-09,0.5836,0.5844
2012-02-10,0.5860000000000001,0.5867
2012-02-11,0.5891000000000001,0.5885
2012-02-12,0.5912000000000001,0.5907
2012-02-13,0.5920000000000001,0.5921000000000001
2012-02-14,0.5929,0.5920000000000001
2012-02-15,0.5926,0.5897
2012-02-16,0.5931000000000001,0.5893
2012-02-17,0.5923,0.5872
2012-02-18,0.5903,0.5869
2012-02-19,0.5883,0.5843
2012-02-20,0.5863,0.5831000000000001
2012-02-21,0.5861000000000001,0.5785
2012-02-22,0.5835,0.5763
2012-02-23,0.5825,0.5741
2012-02-24,0.5834,0.5725
2012-02-25,0.5856,0.5687
2012-02-26,0.5888,0.5695
2012-02-27,0.5916,0.5679000000000001
2012-02-28,0.5930000000000001,0.5698
2012-02-29,0.596,0.5701
2012-03-01,0.5982000000000001,0.5736
2012-03-02,0.6043000000000001,0.5764
2012-03-03,0.6071000000000001,0.5793
2012-03-04,0.6132000000000001,0.5830000000000001
2012-03-05,0.6178,0.5865
2012-03-06,0.6225,0.5903
2012-03-07,0.6237,0.5939
2012-03-08,0.628,0.5977
2012-03-09,0.6312,0.6013000000000001
2012-03-10,0.6328,0.6062000000000001
2012-03-11,0.6347,0.612
2012-03-12,0.6372,0.614
2012-03-13,0.6385000000000001,0.6171
2012-03-14,0.64,0.6178
2012-03-15,0.6418,0.6204000000000001
2012-03-16,0.642,0.6244000000000001
2012-03-17,0.6425000000000001,0.626
2012-03-18,0.6431,0.6279
2012-03-19,0.6421,0.6306
2012-03-20,0.6414000000000001,0.6309
2012-03-21,0.6394000000000001,0.6318
2012-03-22,0.6359,0.633
2012-03-23,0.6314000000000001,0.6327
2012-03-24,0.6297,0.6339
2012-03-25,0.6283000000000001,0.6325000000000001
2012-03-26,0.6281,0.6318
2012-03-27,0.6291,0.63
2012-03-28,0.6301,0.63
2012-03-29,0.6291,0.6308
2012-03-30,0.6289,0.6286
2012-03-31,0.6292,0.6286
2012-04-01,0.6312,0.629
2012-04-02,0.6319,0.6283000000000001
2012-04-03,0.6335000000000001,0.6287
2012-04-04,0.6378,0.6261
2012-04-05,0.6409999999999999,0.6255000000000001
2012-04-06,0.6446000000000001,0.6263000000000001
2012-04-07,0.6484,0.6285000000000001
2012-04-08,0.6542,0.6317
2012-04-09,0.6598,0.6349
2012-04-10,0.6637000000000001,0.6393
2012-04-11,0.6714,0.6414000000000001
2012-04-12,0.6733,0.6451
2012-04-13,0.6768000000000001,0.6501
2012-04-14,0.6769000000000001,0.6524
2012-04-15,0.6785,0.6541
2012-04-16,0.6781,0.6558
2012-04-17,0.682,0.6585000000000001
2012-04-18,0.6815,0.6584
2012-04-19,0.6796,0.6579999999999999
2012-04-20,0.6793,0.6559
2012-04-21,0.6788000000000001,0.6534
2012-04-22,0.6811,0.654
2012-04-23,0.6817000000000001,0.6534
2012-04-24,0.6838000000000001,0.6531
2012-04-25,0.6829999999999999,0.6547000000000001
2012-04-26,0.6856,0.6559
2012-04-27,0.6886,0.6587000000000001
2012-04-28,0.6902,0.6607000000000001
2012-04-29,0.6916,0.6629999999999999
2012-04-30,0.6956,0.6673
2012-05-01,0.6993,0.6702
2012-05-02,0.7008,0.675
2012-05-03,0.7015,0.6789000000000001
2012-05-04,0.7033,0.6834
2012-05-05,0.7042,0.6862
2012-05-06,0.7076,0.6889000000000001
2012-05-07,0.7098,0.6924
2012-05-08,0.7106,0.6940000000000001
2012-05-09,0.7101000000000001,0.6978000000000001
2012-05-10,0.7121000000000001,0.7014
2012-05-11,0.7131000000000001,0.7014
2012-05-12,0.7100000000000001,0.6996
2012-05-13,0.7077,0.7017
2012-05-14,0.7074,0.7003
2012-05-15,0.7084,0.7011000000000001
2012-05-16,0.7134,0.7011000000000001
2012-05-17,0.7137,0.7032
2012-05-18,0.7152000000000001,0.7034
2012-05-19,0.7170000000000001,0.7033
2012-05-20,0.7188,0.7045
2012-05-21,0.7201000000000001,0.7029000000000001
2012-05-22,0.7219,0.7047
2012-05-23,0.7246,0.7044
2012-05-24,0.7268,0.7036
2012-05-25,0.7308,0.7039000000000001
2012-05-26,0.7331000000000001,0.7050000000000001
2012-05-27,0.7355,0.7026
2012-05-28,0.7377,0.7022
2012-05-29,0.7389,0.7008
2012-05-30,0.7432000000000001,0.7011000000000001
2012-05-31,0.7458,0.7003
2012-06-01,0.7473000000000001,0.7034
2012-06-02,0.7487,0.7058
2012-06-03,0.7496,0.7088
2012-06-04,0.7507,0.7128
2012-06-05,0.7496,0.7154
2012-06-06,0.7477,0.7200000000000001
2012-06-07,0.7437,0.7226
2012-06-08,0.7407,0.7259
2012-06-09,0.7368,0.728
2012-06-10,0.7312000000000001,0.7304
2012-06-11,0.7253000000000001,0.7341000000000001
2012-06-12,0.7186,0.7340000000000001
2012-06-13,0.7133,0.7331000000000001
2012-06-14,0.7054,0.7351000000000001
2012-06-15,0.6990000000000001,0.7336
2012-06-16,0.6917,0.7309
2012-06-17,0.6861,0.7272000000000001
2012-06-18,0.6796,0.7227
2012-06-19,0.6732,0.7167
2012-06-20,0.6694,0.7109000000000001
2012-06-21,0.6611,0.7024
2012-06-22,0.6554,0.6943
2012-06-23,0.6522,0.6880000000000001
2012-06-24,0.6461,0.6793
2012-06-25,0.6454000000000001,0.6721
2012-06-26,0.6439,0.6647000000000001
2012-06-27,0.6428,0.6581
2012-06-28,0.6445000000000001,0.6523
2012-06-29,0.6471,0.6469
2012-06-30,0.647,0.643
2012-07-01,0.6474000000000001,0.6416000000000001
2012-07-02,0.6484,0.6397
2012-07-03,0.6507000000000001,0.6379
2012-07-04,0.6517000000000001,0.6379
2012-07-05,0.6527000000000001,0.637
2012-07-06,0.657,0.6375000000000001
2012-07-07,0.6632,0.6377
2012-07-08,0.6662,0.6393
2012-07-09,0.6649,0.6407
2012-07-10,0.6661,0.6404000000000001
2012-07-11,0.6671,0.6424000000000001
2012-07-12,0.6695,0.6416000000000001
2012-07-13,0.6714,0.6392
2012-07-14,0.6679,0.6416000000000001
2012-07-15,0.6694,0.6402
2012-07-16,0.672,0.6393
2012-07-17,0.6749,0.6394000000000001
2012-07-18,0.6768000000000001,0.6398
2012-07-19,0.6765,0.6418
2012-07-20,0.6758000000000001,0.6417
2012-07-21,0.6732,0.6429
2012-07-22,0.6703,0.6419
2012-07-23,0.6707000000000001,0.6444000000000001
2012-07-24,0.6698000000000001,0.6457
2012-07-25,0.6672,0.6475000000000001
2012-07-26,0.664,0.6477
2012-07-27,0.6583,0.648
2012-07-28,0.6586000000000001,0.6503
2012-07-29,0.6566000000000001,0.6494
2012-07-30,0.6549,0.6486000000000001
2012-07-31,0.6562,0.6459
2012-08-01,0.6576000000000001,0.6434000000000001
2012-08-02,0.6609,0.6446000000000001
2012-08-03,0.6659,0.6459
2012-08-04,0.6669,0.6447
2012-08-05,0.6726000000000001,0.6456000000000001
2012-08-06,0.6753,0.6467
2012-08-07,0.6794,0.6426000000000001
2012-08-08,0.6826,0.6431
2012-08-09,0.6851,0.6473
2012-08-10,0.6912,0.6514
2012-08-11,0.6990000000000001,0.6562
2012-08-12,0.7024,0.6619
2012-08-13,0.7079000000000001,0.6678000000000001
2012-08-14,0.7129000000000001,0.6717000000000001
2012-08-15,0.7165,0.6725
2012-08-16,0.7251000000000001,0.6759000000000001
2012-08-17,0.7253000000000001,0.6788000000000001
2012-08-18,0.7285,0.687
2012-08-19,0.7266,0.6876
2012-08-20,0.7267,0.6918000000000001
2012-08-21,0.7262000000000001,0.6928000000000001
2012-08-22,0.7221000000000001,0.6929000000000001
2012-08-23,0.7181000000000001,0.6928000000000001
2012-08-24,0.7166,0.6925
2012-08-25,0.7130000000000001,0.6893
2012-08-26,0.7113,0.6884
2012-08-27,0.7085,0.6873
2012-08-28,0.7055,0.6833
2012-08-29,0.7011000000000001,0.6775
2012-08-30,0.6987,0.6704
2012-08-31,0.6951,0.6671
2012-09-01,0.6922,0.6634
2012-09-02,0.6913,0.6579
2012-09-03,0.6894,0.6521
2012-09-04,0.6910000000000001,0.6488
2012-09-05,0.6906,0.6488
2012-09-06,0.6896,0.6461
2012-09-07,0.6829999999999999,0.6451
2012-09-08,0.6801,0.6485000000000001
2012-09-09,0.6766,0.6464000000000001
2012-09-10,0.6733,0.6474000000000001
2012-09-11,0.6699,0.6457
2012-09-12,0.6659,0.6463
2012-09-13,0.6613,0.6467
2012-09-14,0.6609999999999999,0.6483
2012-09-15,0.6564,0.6491
2012-09-16,0.6541,0.647
2012-09-17,0.6505000000000001,0.6455000000000001
2012-09-18,0.6502,0.6461
2012-09-19,0.6497,0.6487
2012-09-20,0.6497,0.649
2012-09-21,0.6506000000000001,0.6493
2012-09-22,0.653,0.65
2012-09-23,0.657,0.6508
2012-09-24,0.6645,0.6509999999999999
2012-09-25,0.6673,0.6545000000000001
2012-09-26,0.672,0.6583
2012-09-27,0.6755,0.6607000000000001
2012-09-28,0.6785,0.6632
2012-09-29,0.6786,0.6642
2012-09-30,0.6792,0.6647000000000001
2012-10-01,0.6787000000000001,0.6675
2012-10-02,0.6782,0.6652
2012-10-03,0.6754,0.6675
2012-10-04,0.6667000000000001,0.6687000000000001
2012-10-05,0.6635,0.6623
2012-10-06,0.6579,0.6585000000000001
2012-10-07,0.6549,0.6559
2012-10-08,0.6519,0.6516000000000001
2012-10-09,0.6513,0.6493
2012-10-10,0.6486000000000001,0.6455000000000001
2012-10-11,0.6466000000000001,0.6434000000000001
2012-10-12,0.6483,0.6402
2012-10-13,0.6502,0.6385000000000001
2012-10-14,0.66,0.6365000000000001
2012-10-15,0.6619,0.6419
2012-10-16,0.6629999999999999,0.6434000000000001
2012-10-17,0.6625,0.6457
2012-10-18,0.6604,0.6465000000000001
2012-10-19,0.6586000000000001,0.6451
2012-10-20,0.6535000000000001,0.6416000000000001
2012-10-21,0.6496000000000001,0.639
2012-10-22,0.6426000000000001,0.6332
2012-10-23,0.635,0.6276
2012-10-24,0.6268,0.6196
2012-10-25,0.6187,0.6103000000000001
2012-10-26,0.6103000000000001,0.6022000000000001
2012-10-27,0.6039,0.5954
2012-10-28,0.595,0.5845
2012-10-29,0.5928,0.5705
2012-10-30,0.5922000000000001,0.5628000000000001
2012-10-31,0.5921000000000001,0.5571
2012-11-01,0.5953,0.5526
2012-11-02,0.5957,0.5521
2012-11-03,0.5993,0.5523
2012-11-04,0.6012000000000001,0.5562
2012-11-05,0.6034,0.5561
2012-11-06,0.6046,0.5607
2012-11-07,0.6057,0.5668000000000001
2012-11-08,0.6073000000000001,0.5703
2012-11-09,0.6061000000000001,0.5731
2012-11-10,0.6055,0.5745
2012-11-11,0.606,0.5777
2012-11-12,0.6054,0.5769000000000001
2012-11-13,0.6032000000000001,0.5772
2012-11-14,0.6046,0.5772
2012-11-15,0.6036,0.5760000000000001
2012-11-16,0.6039,0.5745
2012-11-17,0.6031000000000001,0.5711
2012-11-18,0.6021000000000001,0.5710000000000001
2012-11-19,0.6053000000000001,0.5704
2012-11-20,0.6038,0.5702
2012-11-21,0.6034,0.5696
2012-11-22,0.6045,0.5708
2012-11-23,0.6065,0.5702
2012-11-24,0.6086,0.5722
2012-11-25,0.6097,0.5760000000000001
2012-11-26,0.6128,0.5800000000000001
2012-11-27,0.6148,0.5791000000000001
2012-11-28,0.615,0.5825
2012-11-29,0.6144000000000001,0.5846
2012-11-30,0.6155,0.5858
2012-12-01,0.6143000000000001,0.5886
2012-12-02,0.6118,0.5898
2012-12-03,0.6139,0.5917
2012-12-04,0.6137,0.5911000000000001
2012-12-05,0.613,0.5915
2012-12-06,0.6136,0.5928
2012-12-07,0.6145,0.5942000000000001
2012-12-08,0.6139,0.5929
2012-12-09,0.6145,0.5923
2012-12-10,0.6163000000000001,0.5913
2012-12-11,0.6162000000000001,0.5919
2012-12-12,0.6189,0.5900000000000001
2012-12-13,0.618,0.5855
2012-12-14,0.6217,0.5832
2012-12-15,0.6255000000000001,0.5834
2012-12-16,0.6296,0.5823
2012-12-17,0.6318,0.5806
2012-12-18,0.6366,0.5828
2012-12-19,0.6393,0.5838
2012-12-20,0.6449,0.5827
2012-12-21,0.6491,0.5841000000000001
2012-12-22,0.6525000000000001,0.5856
2012-12-23,0.6555000000000001,0.5868
2012-12-24,0.6575000000000001,0.5875
2012-12-25,0.6614,0.5889
2012-12-26,0.6661,0.5947
2012-12-27,0.6684,0.5982000000000001
2012-12-28,0.6729,0.6035
2012-12-29,0.6756,0.6082000000000001
2012-12-30,0.6763,0.6122000000000001
2012-12-31,0.6805,0.6195
2013-01-01,0.6844,0.6259
2013-01-02,0.6880000000000001,0.6308
2013-01-03,0.6893,0.6341
2013-01-04,0.6904,0.6407
2013-01-05,0.6881,0.6424000000000001
2013-01-06,0.6839000000000001,0.6462
2013-01-07,0.6806,0.647
2013-01-08,0.6743,0.6485000000000001
2013-01-09,0.6724,0.6482
2013-01-10,0.6644,0.6484
2013-01-11,0.6575000000000001,0.6449
2013-01-12,0.6491,0.6418
2013-01-13,0.6435000000000001,0.6392
2013-01-14,0.6349,0.6359
2013-01-15,0.6287,0.6329
2013-01-16,0.6255000000000001,0.628
2013-01-17,0.6214000000000001,0.6227
2013-01-18,0.6188,0.6164000000000001
2013-01-19,0.6183000000000001,0.6101
2013-01-20,0.6169,0.6043000000000001
2013-01-21,0.6111,0.6003000000000001
2013-01-22,0.6096,0.5999
2013-01-23,0.608,0.597
2013-01-24,0.6097,0.5954
2013-01-25,0.6132000000000001,0.5968
2013-01-26,0.6117,0.5942000000000001
2013-01-27,0.6099,0.5908
2013-01-28,0.6098,0.5892000000000001
2013-01-29,0.6112000000000001,0.5903
2013-01-30,0.6125,0.5896
2013-01-31,0.618,0.5874
2013-02-01,0.6204000000000001,0.5884
2013-02-02,0.6216,0.5880000000000001
2013-02-03,0.6254000000000001,0.5884
2013-02-04,0.6256,0.5891000000000001
2013-02-05,0.6277,0.5904
2013-02-06,0.6293000000000001,0.5938
2013-02-07,0.629,0.5963
2013-02-08,0.6302,0.5992000000000001
2013-02-09,0.6291,0.6016
2013-02-10,0.6292,0.6043000000000001
2013-02-11,0.6279,0.6056
2013-02-12,0.6277,0.6086
2013-02-13,0.6242,0.6113000000000001
2013-02-14,0.6237,0.6172000000000001
2013-02-15,0.6244000000000001,0.6175
2013-02-16,0.6226,0.6165
2013-02-17,0.621,0.618
2013-02-18,0.6201,0.6148
2013-02-19,0.6185,0.6123000000000001
2013-02-20,0.6176,0.6104
2013-02-21,0.6189,0.6104
2013-02-22,0.6206,0.608
2013-02-23,0.6221,0.6075
2013-02-24,0.6273000000000001,0.6081
2013-02-25,0.6309,0.6105
2013-02-26,0.6339,0.6131
2013-02-27,0.6393,0.6199
2013-02-28,0.6457,0.6234000000000001
2013-03-01,0.6496000000000001,0.6256
2013-03-02,0.6563,0.6292
2013-03-03,0.6618,0.6318
2013-03-04,0.6665,0.6362
2013-03-05,0.6708000000000001,0.6391
2013-03-06,0.6741,0.6431
2013-03-07,0.6756,0.6488
2013-03-08,0.6782,0.6504
2013-03-09,0.6797000000000001,0.6541
2013-03-10,0.6795,0.657
2013-03-11,0.6778000000000001,0.6579
2013-03-12,0.6764,0.6597000000000001
2013-03-13,0.6768000000000001,0.6562
2013-03-14,0.6744,0.6571
2013-03-15,0.6743,0.6581
2013-03-16,0.6734,0.6601
2013-03-17,0.6737000000000001,0.6584
2013-03-18,0.674,0.6593
2013-03-19,0.6759999999999999,0.6594
2013-03-20,0.6807000000000001,0.6594
2013-03-21,0.6856,0.6614
2013-03-22,0.6865,0.6626000000000001
2013-03-23,0.6919000000000001,0.6629
2013-03-24,0.6991,0.6688000000000001
2013-03-25,0.7018,0.6733
2013-03-26,0.7106,0.6785
2013-03-27,0.7119000000000001,0.6813
2013-03-28,0.7221000000000001,0.6834
2013-03-29,0.7243,0.6904
2013-03-30,0.7364,0.6947
2013-03-31,0.7454000000000001,0.6957
2013-04-01,0.7532,0.6996
2013-04-02,0.7638,0.7068
2013-04-03,0.7748,0.7117
2013-04-04,0.7899,0.7199
2013-04-05,0.81,0.7312000000000001
2013-04-06,0.8241,0.7448
2013-04-07,0.8403,0.7581
2013-04-08,0.8527,0.7732
2013-04-09,0.8677,0.7879999999999999
2013-04-10,0.8807,0.8045
2013-04-11,0.8927,0.8210000000000001
2013-04-12,0.8977,0.8343
2013-04-13,0.9031,0.8468
2013-04-14,0.9049,0.8582000000000001
2013-04-15,0.9073,0.8679
2013-04-16,0.9076,0.8762000000000001
2013-04-17,0.9014,0.8838
2013-04-18,0.8939,0.8904000000000001
2013-04-19,0.8834000000000001,0.895
2013-04-20,0.871,0.8977
2013-04-21,0.86,0.8961
2013-04-22,0.8463,0.8931
2013-04-23,0.8336,0.8907
2013-04-24,0.8186,0.8845000000000001
2013-04-25,0.8042,0.8763000000000001
2013-04-26,0.7897000000000001,0.8651000000000001
2013-04-27,0.7784000000000001,0.8578
2013-04-28,0.7656000000000001,0.8431000000000001
2013-04-29,0.7543000000000001,0.8304
2013-04-30,0.7449,0.8156
2013-05-01,0.7356,0.8033
2013-05-02,0.7285,0.7907000000000001
2013-05-03,0.7208,0.7797000000000001
2013-05-04,0.7148,0.7704000000000001
2013-05-05,0.7093,0.7594000000000001
2013-05-06,0.7031000000000001,0.7484000000000001
2013-05-07,0.7006,0.7378
2013-05-08,0.6960000000000001,0.7287
2013-05-09,0.6948000000000001,0.7205
2013-05-10,0.6946,0.7113
2013-05-11,0.6934,0.7028
2013-05-12,0.6918000000000001,0.6995
2013-05-13,0.6932,0.6951
2013-05-14,0.6919000000000001,0.6918000000000001
2013-05-15,0.6939000000000001,0.6847000000000001
2013-05-16,0.6943,0.6822
2013-05-17,0.6998000000000001,0.6797000000000001
2013-05-18,0.7020000000000001,0.6788000000000001
2013-05-19,0.7024,0.6779000000000001
2013-05-20,0.7065,0.6774
2013-05-21,0.7071000000000001,0.6786
2013-05-22,0.7058,0.6778000000000001
2013-05-23,0.7058,0.6764
2013-05-24,0.7062,0.6811
2013-05-25,0.7020000000000001,0.6817000000000001
2013-05-26,0.7025,0.6793
2013-05-27,0.6994,0.6803
2013-05-28,0.6992,0.6794
2013-05-29,0.6978000000000001,0.6772
2013-05-30,0.6964,0.6768000000000001
2013-05-31,0.6922,0.6748000000000001
2013-06-01,0.6880000000000001,0.6699
2013-06-02,0.6812,0.6691
2013-06-03,0.6772,0.6631
2013-06-04,0.6692,0.6585000000000001
2013-06-05,0.6619,0.6529
2013-06-06,0.6557000000000001,0.6471
2013-06-07,0.6518,0.6439
2013-06-08,0.6473,0.6388
2013-06-09,0.6442,0.6305000000000001
2013-06-10,0.6432,0.6272
2013-06-11,0.6441,0.6236
2013-06-12,0.6448,0.6192000000000001
2013-06-13,0.6464000000000001,0.6191
2013-06-14,0.6466000000000001,0.6189
2013-06-15,0.6497,0.6188
2013-06-16,0.6524,0.6196
2013-06-17,0.6537000000000001,0.6195
2013-06-18,0.6546000000000001,0.6217
2013-06-19,0.6558,0.6243000000000001
2013-06-20,0.6562,0.6282
2013-06-21,0.6581,0.6312
2013-06-22,0.6609,0.6343
2013-06-23,0.6578,0.6388
2013-06-24,0.6564,0.6411
2013-06-25,0.652,0.6409999999999999
2013-06-26,0.6459,0.6404000000000001
2013-06-27,0.6419,0.6371
2013-06-28,0.6356,0.632
2013-06-29,0.6349,0.6297
2013-06-30,0.6329,0.6263000000000001
2013-07-01,0.6321,0.6235
2013-07-02,0.6317,0.6202000000000001
2013-07-03,0.6299,0.6163000000000001
2013-07-04,0.6281,0.6157
2013-07-05,0.6326,0.609
2013-07-06,0.6341,0.6054
2013-07-07,0.6329,0.6043000000000001
2013-07-08,0.6359,0.6022000000000001
2013-07-09,0.6378,0.6003000000000001
2013-07-10,0.6394000000000001,0.6002000000000001
2013-07-11,0.6393,0.6001000000000001
2013-07-12,0.6444000000000001,0.5997
2013-07-13,0.6417,0.5967
2013-07-14,0.642,0.5976
2013-07-15,0.645,0.5945
2013-07-16,0.6456000000000001,0.5921000000000001
2013-07-17,0.6508,0.5919
2013-07-18,0.6549,0.5901000000000001
2013-07-19,0.6562,0.5878
2013-07-20,0.6615,0.5888
2013-07-21,0.6649,0.5913
2013-07-22,0.6717000000000001,0.5913
2013-07-23,0.6818000000000001,0.5934
2013-07-24,0.6869000000000001,0.5974
2013-07-25,0.6973,0.5995
2013-07-26,0.7054,0.6056
2013-07-27,0.7110000000000001,0.6103000000000001
2013-07-28,0.7158,0.6162000000000001
2013-07-29,0.7218,0.6203000000000001
2013-07-30,0.7271000000000001,0.6263000000000001
2013-07-31,0.7345,0.6341
2013-08-01,0.7408,0.6451
2013-08-02,0.7457,0.6542
2013-08-03,0.7509,0.664
2013-08-04,0.7546,0.6736000000000001
2013-08-05,0.7617,0.6831
2013-08-06,0.7649,0.6929000000000001
2013-08-07,0.7705000000000001,0.7019000000000001
2013-08-08,0.774,0.7122
2013-08-09,0.7762,0.7163
2013-08-10,0.7778,0.7254
2013-08-11,0.7797000000000001,0.7289
2013-08-12,0.782,0.7366
2013-08-13,0.7867000000000001,0.7425
2013-08-14,0.7874,0.7475
2013-08-15,0.7885000000000001,0.7531
2013-08-16,0.7914,0.7582
2013-08-17,0.7899,0.7643000000000001
2013-08-18,0.7913,0.7656000000000001
2013-08-19,0.7928000000000001,0.7684000000000001
2013-08-20,0.7938000000000001,0.7709999999999999
2013-08-21,0.7909,0.7739
2013-08-22,0.7923,0.7757000000000001
2013-08-23,0.7905000000000001,0.7761
2013-08-24,0.7873,0.7754000000000001
2013-08-25,0.7871,0.7741
2013-08-26,0.7867000000000001,0.7718
2013-08-27,0.785,0.7717
2013-08-28,0.7837000000000001,0.7675000000000001
2013-08-29,0.7834,0.7663000000000001
2013-08-30,0.7823,0.7639
2013-08-31,0.7758,0.7638
2013-09-01,0.7735000000000001,0.7598
2013-09-02,0.7696000000000001,0.7545000000000001
2013-09-03,0.7655000000000001,0.7495
2013-09-04,0.7585000000000001,0.745
2013-09-05,0.7534000000000001,0.7382000000000001
2013-09-06,0.7496,0.7339
2013-09-07,0.7438,0.7275
2013-09-08,0.738,0.7220000000000001
2013-09-09,0.7355,0.7149
2013-09-10,0.7315,0.7087
2013-09-11,0.7302000000000001,0.7015
2013-09-12,0.7268,0.6948000000000001
2013-09-13,0.7260000000000001,0.6878000000000001
2013-09-14,0.7214,0.6788000000000001
2013-09-15,0.7224,0.6753
2013-09-16,0.7290000000000001,0.6737000000000001
2013-09-17,0.7295,0.6716000000000001
2013-09-18,0.7365,0.6683
2013-09-19,0.7424000000000001,0.6739
2013-09-20,0.748,0.6762
2013-09-21,0.7501,0.6788000000000001
2013-09-22,0.7536,0.6825
2013-09-23,0.7564000000000001,0.6836
2013-09-24,0.7565000000000001,0.6852
2013-09-25,0.7562,0.6865
2013-09-26,0.7551,0.6896
2013-09-27,0.7529,0.6917
2013-09-28,0.7489,0.6891
2013-09-29,0.7486,0.6915
2013-09-30,0.7472000000000001,0.6887
2013-10-01,0.7424000000000001,0.687
2013-10-02,0.7406,0.6829000000000001
2013-10-03,0.7375,0.6807000000000001
2013-10-04,0.7347,0.6768000000000001
2013-10-05,0.733,0.6733
2013-10-06,0.7293000000000001,0.6683
2013-10-07,0.7297,0.6658000000000001
2013-10-08,0.7284,0.6632
2013-10-09,0.7275,0.6606000000000001
2013-10-10,0.7243,0.6586000000000001
2013-10-11,0.7221000000000001,0.6539
2013-10-12,0.7212000000000001,0.6526000000000001
2013-10-13,0.7183,0.65
2013-10-14,0.7152000000000001,0.6491
2013-10-15,0.7145,0.6462
2013-10-16,0.7133,0.6464000000000001
2013-10-17,0.7085,0.65
2013-10-18,0.7064,0.647
2013-10-19,0.6991,0.6485000000000001
2013-10-20,0.6917,0.6464000000000001
2013-10-21,0.6841,0.6441
2013-10-22,0.6765,0.6427
2013-10-23,0.6689,0.6394000000000001
2013-10-24,0.6605000000000001,0.635
2013-10-25,0.6556000000000001,0.6314000000000001
2013-10-26,0.6456000000000001,0.6304000000000001
2013-10-27,0.6356,0.6266
2013-10-28,0.6314000000000001,0.6196
2013-10-29,0.6264000000000001,0.616
2013-10-30,0.6241,0.6068
2013-10-31,0.6223000000000001,0.6071000000000001
2013-11-01,0.6197,0.6042000000000001
2013-11-02,0.6223000000000001,0.6038
2013-11-03,0.6248,0.6
2013-11-04,0.6248,0.6011000000000001
2013-11-05,0.6311,0.6031000000000001
2013-11-06,0.6325000000000001,0.6017
2013-11-07,0.6325000000000001,0.6034
2013-11-08,0.6377,0.6063000000000001
2013-11-09,0.6412,0.6104
2013-11-10,0.6375000000000001,0.6107
2013-11-11,0.6357,0.6123000000000001
2013-11-12,0.631,0.6127
2013-11-13,0.6269,0.6127
2013-11-14,0.6233000000000001,0.6117
2013-11-15,0.6212,0.6111
2013-11-16,0.6168,0.6061000000000001
2013-11-17,0.6136,0.6019
2013-11-18,0.6106,0.5979
2013-11-19,0.6058,0.5879
2013-11-20,0.6025,0.5822
2013-11-21,0.5997,0.5799000000000001
2013-11-22,0.5974,0.5739000000000001
2013-11-23,0.5963,0.5729000000000001
2013-11-24,0.5956,0.5662
2013-11-25,0.595,0.5631
2013-11-26,0.5943,0.5607
2013-11-27,0.5932000000000001,0.5582
2013-11-28,0.5908,0.5582
2013-11-29,0.5915,0.5584
2013-11-30,0.5887,0.5589999999999999
2013-12-01,0.5857,0.5592
2013-12-02,0.5856,0.5571
2013-12-03,0.5794,0.5577
2013-12-04,0.5748,0.5593
2013-12-05,0.5753,0.5589000000000001
2013-12-06,0.5713,0.5556
2013-12-07,0.5659000000000001,0.5532
2013-12-08,0.5629000000000001,0.5522
2013-12-09,0.5595,0.5516
2013-12-10,0.5537000000000001,0.5494
2013-12-11,0.5516,0.5478000000000001
2013-12-12,0.5488000000000001,0.5428000000000001
2013-12-13,0.5491,0.5422
2013-12-14,0.5469,0.5382
2013-12-15,0.5486,0.5379
2013-12-16,0.5451,0.5354
2013-12-17,0.5427000000000001,0.5315
2013-12-18,0.5416000000000001,0.5308
2013-12-19,0.5369,0.5271
2013-12-20,0.536,0.5249
2013-12-21,0.5332,0.5233
2013-12-22,0.5296000000000001,0.5235000000000001
2013-12-23,0.5275000000000001,0.522
2013-12-24,0.5253,0.5199
2013-12-25,0.5194,0.5182
2013-12-26,0.5183,0.5163
2013-12-27,0.5172,0.5143
2013-12-28,0.5152,0.5151
2013-12-29,0.5131,0.5164
2013-12-30,0.5131,0.5174
2013-12-31,0.5127,0.5169
2014-01-01,0.5128,0.5168
2014-01-02,0.5118,0.5174
2014-01-03,0.5135000000000001,0.5178
2014-01-04,0.5126000000000001,0.5177
2014-01-05,0.5124000000000001,0.52
2014-01-06,0.5139,0.5199
2014-01-07,0.5161,0.521
2014-01-08,0.5176000000000001,0.5211
2014-01-09,0.5206000000000001,0.5233
2014-01-10,0.5223,0.5254
2014-01-11,0.5246000000000001,0.5291
2014-01-12,0.5266000000000001,0.5302
2014-01-13,0.5268,0.5319
2014-01-14,0.5269,0.5341
2014-01-15,0.5259,0.537
2014-01-16,0.5258,0.5386000000000001
2014-01-17,0.5242,0.5392
2014-01-18,0.5226000000000001,0.5411
2014-01-19,0.5229,0.5421
2014-01-20,0.5199,0.5423
2014-01-21,0.5208,0.5437000000000001
2014-01-22,0.5211,0.5441
2014-01-23,0.5227,0.5438000000000001
2014-01-24,0.5245000000000001,0.5448000000000001
2014-01-25,0.5248,0.5449
2014-01-26,0.5262,0.5448000000000001
2014-01-27,0.5292,0.5405
2014-01-28,0.5318,0.54
2014-01-29,0.537,0.5377000000000001
2014-01-30,0.5425,0.5388000000000001
2014-01-31,0.5463,0.5385
2014-02-01,0.5526,0.5406000000000001
2014-02-02,0.5554,0.542
2014-02-03,0.5607,0.5429999999999999
2014-02-04,0.5667,0.5448000000000001
2014-02-05,0.5722,0.5478000000000001
2014-02-06,0.5790000000000001,0.5531
2014-02-07,0.5854,0.5568000000000001
2014-02-08,0.5887,0.5617
2014-02-09,0.5915,0.5669000000000001
2014-02-10,0.5937,0.5707
2014-02-11,0.5971000000000001,0.5761000000000001
2014-02-12,0.5999,0.5821000000000001
2014-02-13,0.6023000000000001,0.5860000000000001
2014-02-14,0.6051000000000001,0.5906
2014-02-15,0.6077,0.5957
2014-02-16,0.6122000000000001,0.5986
2014-02-17,0.6151,0.6054
2014-02-18,0.6174000000000001,0.6085
2014-02-19,0.6219,0.6121
2014-02-20,0.6251,0.6173000000000001
2014-02-21,0.6301,0.6205
2014-02-22,0.6296,0.6234000000000001
2014-02-23,0.6358,0.6248
2014-02-24,0.6437,0.6268
2014-02-25,0.649,0.6301
2014-02-26,0.6538,0.6307
2014-02-27,0.6587000000000001,0.6338
2014-02-28,0.6632,0.6361
2014-03-01,0.6679,0.6408
2014-03-02,0.6739,0.6442
2014-03-03,0.6785,0.6484
2014-03-04,0.6812,0.6515000000000001
2014-03-05,0.6872,0.6559
2014-03-06,0.6937,0.6615
2014-03-07,0.6957,0.6691
2014-03-08,0.6960000000000001,0.6729999999999999
2014-03-09,0.6998000000000001,0.6797000000000001
2014-03-10,0.7024,0.6838000000000001
2014-03-11,0.7048,0.6877
2014-03-12,0.7060000000000001,0.6919000000000001
2014-03-13,0.7066,0.6922
2014-03-14,0.7060000000000001,0.6919000000000001
2014-03-15,0.7074,0.6921
2014-03-16,0.7084,0.6926
2014-03-17,0.7093,0.6916
2014-03-18,0.7127,0.6898000000000001
2014-03-19,0.7164,0.6910000000000001
2014-03-20,0.7186,0.6937
2014-03-21,0.7216,0.6960000000000001
2014-03-22,0.7255,0.6983
2014-03-23,0.7305,0.7030000000000001
2014-03-24,0.7339,0.7075
2014-03-25,0.7365,0.7117
2014-03-26,0.7367,0.7168
2014-03-27,0.7376,0.7205
2014-03-28,0.7347,0.7218
2014-03-29,0.7348,0.7251000000000001
2014-03-30,0.7331000000000001,0.7266
2014-03-31,0.7317,0.7274
2014-04-01,0.7317,0.7291000000000001
2014-04-02,0.73,0.7290000000000001
2014-04-03,0.7260000000000001,0.7282000000000001
2014-04-04,0.7240000000000001,0.7297
2014-04-05,0.7203,0.7276
2014-04-06,0.7212000000000001,0.7218
2014-04-07,0.7214,0.7200000000000001
2014-04-08,0.7237,0.7210000000000001
2014-04-09,0.7276,0.7204
2014-04-10,0.7289,0.7210000000000001
2014-04-11,0.7297,0.7242000000000001
2014-04-12,0.7342000000000001,0.7247
2014-04-13,0.7376,0.727
2014-04-14,0.74,0.7293000000000001
2014-04-15,0.7439,0.7321000000000001
2014-04-16,0.7433000000000001,0.7376
2014-04-17,0.7441,0.7409
2014-04-18,0.7446,0.7434000000000001
2014-04-19,0.7452000000000001,0.7443000000000001
2014-04-20,0.7469,0.7456
2014-04-21,0.7499,0.7483000000000001
2014-04-22,0.7526,0.7502000000000001
2014-04-23,0.7547,0.7518
2014-04-24,0.7602,0.7490000000000001
2014-04-25,0.7686000000000001,0.7515000000000001
2014-04-26,0.782,0.7481
2014-04-27,0.7921,0.7531
2014-04-28,0.8068000000000001,0.7593000000000001
2014-04-29,0.8212,0.764
2014-04-30,0.8333,0.7741
2014-05-01,0.8458,0.7801
2014-05-02,0.8561000000000001,0.79
2014-05-03,0.8651000000000001,0.7987000000000001
2014-05-04,0.8719,0.8092
2014-05-05,0.8791,0.8189000000000001
2014-05-06,0.8832000000000001,0.8326
2014-05-07,0.8847,0.8398
2014-05-08,0.8789,0.8483
2014-05-09,0.8757,0.8574
2014-05-10,0.8694000000000001,0.8642000000000001
2014-05-11,0.8640000000000001,0.8669
2014-05-12,0.8551000000000001,0.868
2014-05-13,0.8436,0.8675
2014-05-14,0.8314,0.8639
2014-05-15,0.8204,0.8580000000000001
2014-05-16,0.8035,0.8468
2014-05-17,0.7955,0.8395
2014-05-18,0.7842,0.8304
2014-05-19,0.7752,0.8176
2014-05-20,0.7695000000000001,0.8074
2014-05-21,0.7617,0.7988000000000001
2014-05-22,0.7558,0.7905000000000001
2014-05-23,0.7501,0.7805000000000001
2014-05-24,0.745,0.7751
2014-05-25,0.7419,0.7687
2014-05-26,0.7382000000000001,0.7649
2014-05-27,0.735,0.7608
2014-05-28,0.7299,0.7559999999999999
2014-05-29,0.7276,0.7507
2014-05-30,0.7236,0.7462000000000001
2014-05-31,0.7189,0.7418
2014-06-01,0.7167,0.7384000000000001
2014-06-02,0.7107,0.7351000000000001
2014-06-03,0.7079000000000001,0.733
2014-06-04,0.7061000000000001,0.7301000000000001
2014-06-05,0.7012,0.7271000000000001
2014-06-06,0.6978000000000001,0.7211000000000001
2014-06-07,0.6947,0.7175
2014-06-08,0.6895,0.7142000000000001
2014-06-09,0.6849000000000001,0.7087
2014-06-10,0.6818000000000001,0.7028
2014-06-11,0.6773,0.6972
2014-06-12,0.6715,0.6910000000000001
2014-06-13,0.6685,0.6834
2014-06-14,0.6679999999999999,0.6786
2014-06-15,0.665,0.6726000000000001
2014-06-16,0.6636000000000001,0.6713
2014-06-17,0.6664,0.6681
2014-06-18,0.6663,0.6664
2014-06-19,0.664,0.6671
2014-06-20,0.6644,0.6681
2014-06-21,0.6631,0.6714
2014-06-22,0.6626000000000001,0.6713
2014-06-23,0.6595000000000001,0.6732
2014-06-24,0.6597000000000001,0.6729999999999999
2014-06-25,0.6579999999999999,0.6752
2014-06-26,0.6556000000000001,0.6767000000000001
2014-06-27,0.6563,0.6766
2014-06-28,0.6567000000000001,0.6769000000000001
2014-06-29,0.6574,0.6772
2014-06-30,0.6594,0.6788000000000001
2014-07-01,0.6641,0.6811
2014-07-02,0.6642,0.6829000000000001
2014-07-03,0.6647000000000001,0.6833
2014-07-04,0.665,0.6821
