Date,Level
2009-01-01,0.5961000000000001
2009-01-02,0.5958
2009-01-03,0.5955
2009-01-04,0.5961000000000001
2009-01-05,0.5964
2009-01-06,0.5949
2009-01-07,0.5982000000000001
2009-01-08,0.6003000000000001
2009-01-09,0.6047
2009-01-10,0.6072000000000001
2009-01-11,0.6137
2009-01-12,0.614
2009-01-13,0.6143000000000001
2009-01-14,0.6124
2009-01-15,0.6123000000000001
2009-01-16,0.6115
2009-01-17,0.6131
2009-01-18,0.6112000000000001
2009-01-19,0.6075
2009-01-20,0.6052000000000001
2009-01-21,0.6013000000000001
2009-01-22,0.6005
2009-01-23,0.5968
2009-01-24,0.5952000000000001
2009-01-25,0.5899
2009-01-26,0.5905
2009-01-27,0.5920000000000001
2009-01-28,0.5972000000000001
2009-01-29,0.6036
2009-01-30,0.6102000000000001
2009-01-31,0.618
2009-02-01,0.6269
2009-02-02,0.6357
2009-02-03,0.6446000000000001
2009-02-04,0.6513
2009-02-05,0.6609999999999999
2009-02-06,0.6713
2009-02-07,0.6815
2009-02-08,0.6875
2009-02-09,0.6947
2009-02-10,0.6969000000000001
2009-02-11,0.7007
2009-02-12,0.7044
2009-02-13,0.7078
2009-02-14,0.7063
2009-02-15,0.7063
2009-02-16,0.7057
2009-02-17,0.7018
2009-02-18,0.7037
2009-02-19,0.7020000000000001
2009-02-20,0.7024
2009-02-21,0.7030000000000001
2009-02-22,0.7017
2009-02-23,0.6993
2009-02-24,0.6961
2009-02-25,0.6936
2009-02-26,0.6873
2009-02-27,0.6843
2009-02-28,0.6821
2009-03-01,0.6799000000000001
2009-03-02,0.6779999999999999
2009-03-03,0.6745
2009-03-04,0.6729
2009-03-05,0.6707000000000001
2009-03-06,0.6716000000000001
2009-03-07,0.6724
2009-03-08,0.6744
2009-03-09,0.6761
2009-03-10,0.6764
2009-03-11,0.6802
2009-03-12,0.6793
2009-03-13,0.6843
2009-03-14,0.6849000000000001
2009-03-15,0.6880000000000001
2009-03-16,0.6884
2009-03-17,0.6944
2009-03-18,0.6973
2009-03-19,0.7031000000000001
2009-03-20,0.7084
2009-03-21,0.7106
2009-03-22,0.7152000000000001
2009-03-23,0.7221000000000001
2009-03-24,0.7249
2009-03-25,0.7324
2009-03-26,0.7357
2009-03-27,0.743
2009-03-28,0.7511
2009-03-29,0.7568
2009-03-30,0.7643000000000001
2009-03-31,0.7714000000000001
2009-04-01,0.7763
2009-04-02,0.7838
2009-04-03,0.7893
2009-04-04,0.7937000000000001
2009-04-05,0.7992
2009-04-06,0.8073
2009-04-07,0.8115
2009-04-08,0.8186
2009-04-09,0.8248000000000001
2009-04-10,0.8342
2009-04-11,0.8411000000000001
2009-04-12,0.8476
2009-04-13,0.8547
2009-04-14,0.8584
2009-04-15,0.8588
2009-04-16,0.8596
2009-04-17,0.8618
2009-04-18,0.863
2009-04-19,0.862
2009-04-20,0.8591000000000001
2009-04-21,0.8554
2009-04-22,0.8502000000000001
2009-04-23,0.8456
2009-04-24,0.8370000000000001
2009-04-25,0.8288000000000001
2009-04-26,0.8203
2009-04-27,0.8109000000000001
2009-04-28,0.8009999999999999
2009-04-29,0.7923
2009-04-30,0.7851
2009-05-01,0.7788
2009-05-02,0.7732
2009-05-03,0.7689
2009-05-04,0.7634000000000001
2009-05-05,0.7616
2009-05-06,0.7606
2009-05-07,0.7608
2009-05-08,0.7602
2009-05-09,0.7609
2009-05-10,0.7616
2009-05-11,0.7658
2009-05-12,0.769
2009-05-13,0.773
2009-05-14,0.7781
2009-05-15,0.7857000000000001
2009-05-16,0.7915000000000001
2009-05-17,0.8004
2009-05-18,0.8074
2009-05-19,0.8156
2009-05-20,0.8217
2009-05-21,0.8292
2009-05-22,0.8374
2009-05-23,0.8418
2009-05-24,0.8471000000000001
2009-05-25,0.8492000000000001
2009-05-26,0.8499
2009-05-27,0.8533000000000001
2009-05-28,0.8582000000000001
2009-05-29,0.8606
2009-05-30,0.8647
2009-05-31,0.8678
2009-06-01,0.8729
2009-06-02,0.8773000000000001
2009-06-03,0.879
2009-06-04,0.8829
2009-06-05,0.8836
2009-06-06,0.8887
2009-06-07,0.8947
2009-06-08,0.8997
2009-06-09,0.9058
2009-06-10,0.9109999999999999
2009-06-11,0.9152
2009-06-12,0.9169
2009-06-13,0.9223
2009-06-14,0.9238
2009-06-15,0.9256
2009-06-16,0.925
2009-06-17,0.9224
2009-06-18,0.9215
2009-06-19,0.9179
2009-06-20,0.9173
2009-06-21,0.912
2009-06-22,0.9095
2009-06-23,0.9037
2009-06-24,0.902
2009-06-25,0.9015
2009-06-26,0.9016
2009-06-27,0.9013
2009-06-28,0.9009
2009-06-29,0.8991
2009-06-30,0.8991
2009-07-01,0.8967
2009-07-02,0.8944000000000001
2009-07-03,0.8896000000000001
2009-07-04,0.8889
2009-07-05,0.8821
2009-07-06,0.8805000000000001
2009-07-07,0.8726
2009-07-08,0.8653000000000001
2009-07-09,0.8584
2009-07-10,0.8527
2009-07-11,0.8445
2009-07-12,0.8379000000000001
2009-07-13,0.8325
2009-07-14,0.8286
2009-07-15,0.8210000000000001
2009-07-16,0.8182
2009-07-17,0.8169000000000001
2009-07-18,0.8128000000000001
2009-07-19,0.8137000000000001
2009-07-20,0.8127000000000001
2009-07-21,0.8130000000000001
2009-07-22,0.8158000000000001
2009-07-23,0.8101
2009-07-24,0.8107000000000001
2009-07-25,0.8088000000000001
2009-07-26,0.8077000000000001
2009-07-27,0.8033
2009-07-28,0.8019000000000001
2009-07-29,0.7956000000000001
2009-07-30,0.792
2009-07-31,0.7912
2009-08-01,0.7847000000000001
2009-08-02,0.7813
2009-08-03,0.7792
2009-08-04,0.7738
2009-08-05,0.772
2009-08-06,0.769
2009-08-07,0.7663000000000001
2009-08-08,0.7624000000000001
2009-08-09,0.7587
2009-08-10,0.7552
2009-08-11,0.7502000000000001
2009-08-12,0.7449
2009-08-13,0.7431
2009-08-14,0.7390000000000001
2009-08-15,0.7361000000000001
2009-08-16,0.735
2009-08-17,0.7315
2009-08-18,0.7308
2009-08-19,0.7318
2009-08-20,0.7313000000000001
2009-08-21,0.7296
2009-08-22,0.7303000000000001
2009-08-23,0.7318
2009-08-24,0.7322000000000001
2009-08-25,0.7328
2009-08-26,0.7349
2009-08-27,0.7363000000000001
2009-08-28,0.7385
2009-08-29,0.741
2009-08-30,0.7419
2009-08-31,0.7436
2009-09-01,0.7446
2009-09-02,0.7487
2009-09-03,0.7491
2009-09-04,0.7469
2009-09-05,0.7453000000000001
2009-09-06,0.7415
2009-09-07,0.7382000000000001
2009-09-08,0.7357
2009-09-09,0.7317
2009-09-10,0.7264
2009-09-11,0.7212000000000001
2009-09-12,0.7182000000000001
2009-09-13,0.7145
2009-09-14,0.7120000000000001
2009-09-15,0.7114
2009-09-16,0.7090000000000001
2009-09-17,0.7105
2009-09-18,0.7114
2009-09-19,0.7154
2009-09-20,0.7191000000000001
2009-09-21,0.7243
2009-09-22,0.7279
2009-09-23,0.7339
2009-09-24,0.7426
2009-09-25,0.7491
2009-09-26,0.7601
2009-09-27,0.7659999999999999
2009-09-28,0.7714000000000001
2009-09-29,0.7792
2009-09-30,0.7841
2009-10-01,0.7894
2009-10-02,0.794
2009-10-03,0.7958000000000001
2009-10-04,0.7959
2009-10-05,0.7978000000000001
2009-10-06,0.7976000000000001
2009-10-07,0.7987000000000001
2009-10-08,0.8007000000000001
2009-10-09,0.8018000000000001
2009-10-10,0.8052
2009-10-11,0.8077000000000001
2009-10-12,0.8131
2009-10-13,0.8168000000000001
2009-10-14,0.8192
2009-10-15,0.8193
2009-10-16,0.8190000000000001
2009-10-17,0.8198000000000001
2009-10-18,0.8201
2009-10-19,0.8177000000000001
2009-10-20,0.8119000000000001
2009-10-21,0.8084
2009-10-22,0.8055
2009-10-23,0.8004
2009-10-24,0.7959
2009-10-25,0.7905000000000001
2009-10-26,0.7826000000000001
2009-10-27,0.7757000000000001
2009-10-28,0.7706000000000001
2009-10-29,0.7672
2009-10-30,0.7635000000000001
2009-10-31,0.7604000000000001
2009-11-01,0.7535000000000001
2009-11-02,0.7515000000000001
2009-11-03,0.748
2009-11-04,0.7442000000000001
2009-11-05,0.7404000000000001
2009-11-06,0.7354
2009-11-07,0.7321000000000001
2009-11-08,0.7275
2009-11-09,0.7250000000000001
2009-11-10,0.7241000000000001
2009-11-11,0.7180000000000001
2009-11-12,0.7168
2009-11-13,0.7149
2009-11-14,0.7106
2009-11-15,0.7114
2009-11-16,0.7083
2009-11-17,0.7090000000000001
2009-11-18,0.7056
2009-11-19,0.7053
2009-11-20,0.7028
2009-11-21,0.7009000000000001
2009-11-22,0.7006
2009-11-23,0.6973
2009-11-24,0.6959000000000001
2009-11-25,0.6947
2009-11-26,0.6928000000000001
2009-11-27,0.6918000000000001
2009-11-28,0.6897
2009-11-29,0.6894
2009-11-30,0.6868000000000001
2009-12-01,0.6865
2009-12-02,0.6859000000000001
2009-12-03,0.6848000000000001
2009-12-04,0.6843
2009-12-05,0.6827000000000001
2009-12-06,0.6812
2009-12-07,0.6798000000000001
2009-12-08,0.68
2009-12-09,0.6811
2009-12-10,0.6803
2009-12-11,0.6801
2009-12-12,0.6814
2009-12-13,0.6806
2009-12-14,0.6828000000000001
2009-12-15,0.6807000000000001
2009-12-16,0.6793
2009-12-17,0.6801
2009-12-18,0.68
2009-12-19,0.6787000000000001
2009-12-20,0.6751
2009-12-21,0.6752
2009-12-22,0.6734
2009-12-23,0.6716000000000001
2009-12-24,0.6679
2009-12-25,0.6646000000000001
2009-12-26,0.6593
2009-12-27,0.6557000000000001
2009-12-28,0.6488
2009-12-29,0.6428
2009-12-30,0.6359
2009-12-31,0.6315000000000001
2010-01-01,0.6271
2010-01-02,0.6252
2010-01-03,0.6241
2010-01-04,0.6221
2010-01-05,0.6222
2010-01-06,0.6223000000000001
2010-01-07,0.6234000000000001
2010-01-08,0.6241
2010-01-09,0.6254000000000001
2010-01-10,0.6286
2010-01-11,0.6328
2010-01-12,0.6359
2010-01-13,0.6374000000000001
2010-01-14,0.6383
2010-01-15,0.6393
2010-01-16,0.6385000000000001
2010-01-17,0.6389
2010-01-18,0.6387
2010-01-19,0.6362
2010-01-20,0.636
2010-01-21,0.6355000000000001
2010-01-22,0.6357
2010-01-23,0.637
2010-01-24,0.6363
2010-01-25,0.638
2010-01-26,0.639
2010-01-27,0.6437
2010-01-28,0.6475000000000001
2010-01-29,0.6495000000000001
2010-01-30,0.6545000000000001
2010-01-31,0.6599
2010-02-01,0.6659
2010-02-02,0.6711
2010-02-03,0.68
2010-02-04,0.6859999999999999
2010-02-05,0.6911
2010-02-06,0.6961
2010-02-07,0.7021000000000001
2010-02-08,0.7081000000000001
2010-02-09,0.7123
2010-02-10,0.7154
2010-02-11,0.7185
2010-02-12,0.7239
2010-02-13,0.7291000000000001
2010-02-14,0.7308
2010-02-15,0.7319
2010-02-16,0.7352000000000001
2010-02-17,0.7374
2010-02-18,0.7394000000000001
2010-02-19,0.7436
2010-02-20,0.7471
2010-02-21,0.752
2010-02-22,0.754
2010-02-23,0.7573000000000001
2010-02-24,0.7595000000000001
2010-02-25,0.7626000000000001
2010-02-26,0.7634000000000001
2010-02-27,0.7617
2010-02-28,0.7622
2010-03-01,0.7554000000000001
2010-03-02,0.7469
2010-03-03,0.7414000000000001
2010-03-04,0.7364
2010-03-05,0.7303000000000001
2010-03-06,0.7235
2010-03-07,0.7181000000000001
2010-03-08,0.7137
2010-03-09,0.7104
2010-03-10,0.7050000000000001
2010-03-11,0.7016
2010-03-12,0.6988000000000001
2010-03-13,0.6998000000000001
2010-03-14,0.6997
2010-03-15,0.6999000000000001
2010-03-16,0.7011000000000001
2010-03-17,0.7047
2010-03-18,0.7069000000000001
2010-03-19,0.7087
2010-03-20,0.7122
2010-03-21,0.7153
2010-03-22,0.7238
2010-03-23,0.7260000000000001
2010-03-24,0.7284
2010-03-25,0.7336
2010-03-26,0.7352000000000001
2010-03-27,0.7388
2010-03-28,0.737
2010-03-29,0.7402000000000001
2010-03-30,0.7390000000000001
2010-03-31,0.7397
2010-04-01,0.7390000000000001
2010-04-02,0.7377
2010-04-03,0.7364
2010-04-04,0.7344
2010-04-05,0.7278
2010-04-06,0.7232000000000001
2010-04-07,0.7202000000000001
2010-04-08,0.7198
2010-04-09,0.7192000000000001
2010-04-10,0.7204
2010-04-11,0.7242000000000001
2010-04-12,0.7301000000000001
2010-04-13,0.7387
2010-04-14,0.7455
2010-04-15,0.7569
2010-04-16,0.7671
2010-04-17,0.7824
2010-04-18,0.8037000000000001
2010-04-19,0.8214
2010-04-20,0.8416
2010-04-21,0.8608
2010-04-22,0.8809999999999999
2010-04-23,0.8959
2010-04-24,0.9147
2010-04-25,0.9305
2010-04-26,0.9416
2010-04-27,0.9525
2010-04-28,0.9664
2010-04-29,0.9724
2010-04-30,0.981
2010-05-01,0.9831
2010-05-02,0.9828
2010-05-03,0.9752
2010-05-04,0.9694
2010-05-05,0.9576
2010-05-06,0.9443
2010-05-07,0.9295
2010-05-08,0.9104
2010-05-09,0.8933000000000001
2010-05-10,0.8719
2010-05-11,0.8490000000000001
2010-05-12,0.8295
2010-05-13,0.8144
2010-05-14,0.7965
2010-05-15,0.7803
2010-05-16,0.765
2010-05-17,0.7517
2010-05-18,0.7432000000000001
2010-05-19,0.7338
2010-05-20,0.7248
2010-05-21,0.7194
2010-05-22,0.7142000000000001
2010-05-23,0.7113
2010-05-24,0.7076
2010-05-25,0.7082
2010-05-26,0.7058
2010-05-27,0.7047
2010-05-28,0.6998000000000001
2010-05-29,0.6981
2010-05-30,0.6955
2010-05-31,0.6919000000000001
2010-06-01,0.6881
2010-06-02,0.6838000000000001
2010-06-03,0.6788000000000001
2010-06-04,0.6743
2010-06-05,0.67
2010-06-06,0.6649
2010-06-07,0.6592
2010-06-08,0.6551
2010-06-09,0.6525000000000001
2010-06-10,0.6505000000000001
2010-06-11,0.6494
2010-06-12,0.6496000000000001
2010-06-13,0.6465000000000001
2010-06-14,0.6518
2010-06-15,0.6507000000000001
2010-06-16,0.653
2010-06-17,0.6504
2010-06-18,0.65
2010-06-19,0.6445000000000001
2010-06-20,0.6417
2010-06-21,0.6415000000000001
2010-06-22,0.6386000000000001
2010-06-23,0.6357
2010-06-24,0.633
2010-06-25,0.6298
2010-06-26,0.6305000000000001
2010-06-27,0.6316
2010-06-28,0.6315000000000001
2010-06-29,0.6318
2010-06-30,0.6344000000000001
2010-07-01,0.6345000000000001
2010-07-02,0.6352
2010-07-03,0.6344000000000001
2010-07-04,0.6384000000000001
2010-07-05,0.6401
2010-07-06,0.6384000000000001
2010-07-07,0.6413
2010-07-08,0.642
2010-07-09,0.6406000000000001
2010-07-10,0.636
2010-07-11,0.6326
2010-07-12,0.6287
2010-07-13,0.622
2010-07-14,0.624
2010-07-15,0.6189
2010-07-16,0.6112000000000001
2010-07-17,0.6045
2010-07-18,0.5966
2010-07-19,0.5948
2010-07-20,0.5961000000000001
2010-07-21,0.5974
2010-07-22,0.5959
2010-07-23,0.6013000000000001
2010-07-24,0.6079
2010-07-25,0.6086
2010-07-26,0.6124
2010-07-27,0.6199
2010-07-28,0.6226
2010-07-29,0.6277
2010-07-30,0.6301
2010-07-31,0.6343
2010-08-01,0.6371
2010-08-02,0.642
2010-08-03,0.648
2010-08-04,0.6502
2010-08-05,0.65
2010-08-06,0.648
2010-08-07,0.6495000000000001
2010-08-08,0.6483
2010-08-09,0.6479
2010-08-10,0.6454000000000001
2010-08-11,0.6414000000000001
2010-08-12,0.6409999999999999
2010-08-13,0.6355000000000001
2010-08-14,0.6309
2010-08-15,0.6279
2010-08-16,0.6224000000000001
2010-08-17,0.6232
2010-08-18,0.6214000000000001
2010-08-19,0.6208
2010-08-20,0.6211
2010-08-21,0.624
2010-08-22,0.6253000000000001
2010-08-23,0.6362
2010-08-24,0.6419
2010-08-25,0.6469
2010-08-26,0.6497
2010-08-27,0.6535000000000001
2010-08-28,0.6536000000000001
2010-08-29,0.6544
2010-08-30,0.6551
2010-08-31,0.6535000000000001
2010-09-01,0.6507000000000001
2010-09-02,0.6493
2010-09-03,0.6476000000000001
2010-09-04,0.6432
2010-09-05,0.6429
2010-09-06,0.6385000000000001
2010-09-07,0.6366
2010-09-08,0.634
2010-09-09,0.633
2010-09-10,0.6312
2010-09-11,0.6303000000000001
2010-09-12,0.6283000000000001
2010-09-13,0.6281
2010-09-14,0.6248
2010-09-15,0.6239
2010-09-16,0.6203000000000001
2010-09-17,0.6173000000000001
2010-09-18,0.6139
2010-09-19,0.6136
2010-09-20,0.6082000000000001
2010-09-21,0.6037
2010-09-22,0.6011000000000001
2010-09-23,0.5933
2010-09-24,0.5882000000000001
2010-09-25,0.5814
2010-09-26,0.5736
2010-09-27,0.5653
2010-09-28,0.5616
2010-09-29,0.557
2010-09-30,0.5489
2010-10-01,0.546
2010-10-02,0.5449
2010-10-03,0.545
2010-10-04,0.5471
2010-10-05,0.5437000000000001
2010-10-06,0.5418000000000001
2010-10-07,0.5429
2010-10-08,0.5407000000000001
2010-10-09,0.5363
2010-10-10,0.5338
2010-10-11,0.5292
2010-10-12,0.5279
2010-10-13,0.5257000000000001
2010-10-14,0.5211
2010-10-15,0.5228
2010-10-16,0.5165000000000001
2010-10-17,0.5107
2010-10-18,0.5052
2010-10-19,0.5068
2010-10-20,0.5064000000000001
2010-10-21,0.5067
2010-10-22,0.5071
2010-10-23,0.5057
2010-10-24,0.5056
2010-10-25,0.5067
2010-10-26,0.5061
2010-10-27,0.5078
2010-10-28,0.5102
2010-10-29,0.5078
2010-10-30,0.5101
2010-10-31,0.5119
2010-11-01,0.5114000000000001
2010-11-02,0.508
2010-11-03,0.508
2010-11-04,0.5072
2010-11-05,0.5073
2010-11-06,0.5067
2010-11-07,0.507
2010-11-08,0.5028
2010-11-09,0.5014000000000001
2010-11-10,0.4955
2010-11-11,0.4928
2010-11-12,0.4903
2010-11-13,0.4882
2010-11-14,0.4863
2010-11-15,0.4833
2010-11-16,0.4798
2010-11-17,0.4752
2010-11-18,0.4757
2010-11-19,0.4735
2010-11-20,0.4726
2010-11-21,0.4674
2010-11-22,0.4639
2010-11-23,0.4603
2010-11-24,0.4566
2010-11-25,0.4511
2010-11-26,0.4467
2010-11-27,0.4421000000000001
2010-11-28,0.4355
2010-11-29,0.4319
2010-11-30,0.4214
2010-12-01,0.4168
2010-12-02,0.4122
2010-12-03,0.4092
2010-12-04,0.408
2010-12-05,0.4068
2010-12-06,0.4068
2010-12-07,0.4055
2010-12-08,0.4046
2010-12-09,0.4095
2010-12-10,0.4135
2010-12-11,0.414
2010-12-12,0.4171
2010-12-13,0.4208
2010-12-14,0.4234
2010-12-15,0.4262
2010-12-16,0.4305
2010-12-17,0.4335
2010-12-18,0.4362
2010-12-19,0.4377
2010-12-20,0.4394
2010-12-21,0.4397
2010-12-22,0.4402
2010-12-23,0.44299999999999995
2010-12-24,0.4437
2010-12-25,0.4456
2010-12-26,0.4487
2010-12-27,0.4512000000000001
2010-12-28,0.4564
2010-12-29,0.46299999999999997
2010-12-30,0.4748
2010-12-31,0.4792
2011-01-01,0.4821
2011-01-02,0.4811
2011-01-03,0.4806
2011-01-04,0.4803
2011-01-05,0.48
2011-01-06,0.4804000000000001
2011-01-07,0.4767
2011-01-08,0.4761
2011-01-09,0.4735
2011-01-10,0.4706
2011-01-11,0.4721
2011-01-12,0.4738
2011-01-13,0.4764000000000001
2011-01-14,0.4787
2011-01-15,0.4828
2011-01-16,0.483
2011-01-17,0.488
2011-01-18,0.4921
2011-01-19,0.4986
2011-01-20,0.5024000000000001
2011-01-21,0.5072
2011-01-22,0.5126000000000001
2011-01-23,0.5173
2011-01-24,0.5231
2011-01-25,0.527
2011-01-26,0.53
2011-01-27,0.534
2011-01-28,0.535
2011-01-29,0.5359
2011-01-30,0.5353
2011-01-31,0.5383
2011-02-01,0.5396000000000001
2011-02-02,0.5396000000000001
2011-02-03,0.541
2011-02-04,0.5432
2011-02-05,0.5452
2011-02-06,0.5447000000000001
2011-02-07,0.545
2011-02-08,0.5452
2011-02-09,0.5461
2011-02-10,0.5471
2011-02-11,0.5451
2011-02-12,0.546
2011-02-13,0.5456
2011-02-14,0.545
2011-02-15,0.5431
2011-02-16,0.5401
2011-02-17,0.5396000000000001
2011-02-18,0.5386000000000001
2011-02-19,0.5374
2011-02-20,0.5351
2011-02-21,0.5332
2011-02-22,0.532
2011-02-23,0.5309
2011-02-24,0.5312
2011-02-25,0.5307000000000001
2011-02-26,0.5303
2011-02-27,0.5281
2011-02-28,0.5282
2011-03-01,0.5275000000000001
2011-03-02,0.5236000000000001
2011-03-03,0.5228
2011-03-04,0.5246000000000001
2011-03-05,0.5283
2011-03-06,0.5337000000000001
2011-03-07,0.5379999999999999
2011-03-08,0.5423
2011-03-09,0.5459
2011-03-10,0.5493
2011-03-11,0.5529999999999999
2011-03-12,0.5567
2011-03-13,0.5592
2011-03-14,0.5612
2011-03-15,0.5637
2011-03-16,0.5669000000000001
2011-03-17,0.5667
2011-03-18,0.5648000000000001
2011-03-19,0.5643
2011-03-20,0.5634
2011-03-21,0.5634
2011-03-22,0.5622
2011-03-23,0.5608000000000001
2011-03-24,0.5598000000000001
2011-03-25,0.5602
2011-03-26,0.5592
2011-03-27,0.5601
2011-03-28,0.5586
2011-03-29,0.5586
2011-03-30,0.5565
2011-03-31,0.5588000000000001
2011-04-01,0.5589999999999999
2011-04-02,0.5619000000000001
2011-04-03,0.5609000000000001
2011-04-04,0.5616
2011-04-05,0.5628000000000001
2011-04-06,0.5642
2011-04-07,0.5641
2011-04-08,0.5665
2011-04-09,0.5652
2011-04-10,0.5660000000000001
2011-04-11,0.5647
2011-04-12,0.5645
2011-04-13,0.5662
2011-04-14,0.5654
2011-04-15,0.5664
2011-04-16,0.5669000000000001
2011-04-17,0.5704
2011-04-18,0.5676
2011-04-19,0.5706
2011-04-20,0.5737
2011-04-21,0.5776
2011-04-22,0.5796
2011-04-23,0.5843
2011-04-24,0.5876
2011-04-25,0.5902000000000001
2011-04-26,0.5953
2011-04-27,0.5994
2011-04-28,0.6045
2011-04-29,0.6079
2011-04-30,0.6075
2011-05-01,0.6083000000000001
2011-05-02,0.606
2011-05-03,0.6061000000000001
2011-05-04,0.6031000000000001
2011-05-05,0.6028
2011-05-06,0.6028
2011-05-07,0.6025
2011-05-08,0.6016
2011-05-09,0.6016
2011-05-10,0.6011000000000001
2011-05-11,0.6006
2011-05-12,0.6004
2011-05-13,0.5999
2011-05-14,0.6029
2011-05-15,0.6043000000000001
2011-05-16,0.6036
2011-05-17,0.6096
2011-05-18,0.6137
2011-05-19,0.617
2011-05-20,0.6223000000000001
2011-05-21,0.6268
2011-05-22,0.6289
2011-05-23,0.6326
2011-05-24,0.6357
2011-05-25,0.6394000000000001
2011-05-26,0.6426000000000001
2011-05-27,0.6464000000000001
2011-05-28,0.6513
2011-05-29,0.6551
2011-05-30,0.6592
2011-05-31,0.6616000000000001
2011-06-01,0.6623
2011-06-02,0.6626000000000001
2011-06-03,0.6619
2011-06-04,0.6607000000000001
2011-06-05,0.6602
2011-06-06,0.6604
2011-06-07,0.6607000000000001
2011-06-08,0.6596000000000001
2011-06-09,0.659
2011-06-10,0.6574
2011-06-11,0.6554
2011-06-12,0.654
2011-06-13,0.6552
2011-06-14,0.6565000000000001
2011-06-15,0.6562
2011-06-16,0.6602
2011-06-17,0.6614
2011-06-18,0.6591
2011-06-19,0.6576000000000001
2011-06-20,0.6537000000000001
2011-06-21,0.6542
2011-06-22,0.6515000000000001
2011-06-23,0.6501
2011-06-24,0.6467
2011-06-25,0.6438
2011-06-26,0.6373
2011-06-27,0.636
2011-06-28,0.6351
2011-06-29,0.6337
2011-06-30,0.6291
2011-07-01,0.6288
2011-07-02,0.6287
2011-07-03,0.6293000000000001
2011-07-04,0.6289
2011-07-05,0.6317
2011-07-06,0.6372
2011-07-07,0.6391
2011-07-08,0.6414000000000001
2011-07-09,0.6443
2011-07-10,0.6455000000000001
2011-07-11,0.6475000000000001
2011-07-12,0.6492
2011-07-13,0.6509999999999999
2011-07-14,0.6521
2011-07-15,0.6535000000000001
2011-07-16,0.6542
2011-07-17,0.6568
2011-07-18,0.6588
2011-07-19,0.6632
2011-07-20,0.6659999999999999
2011-07-21,0.6693
2011-07-22,0.6717000000000001
2011-07-23,0.6756
2011-07-24,0.6769000000000001
2011-07-25,0.6784
2011-07-26,0.6799000000000001
2011-07-27,0.6808000000000001
2011-07-28,0.6824
2011-07-29,0.6836
2011-07-30,0.6795
2011-07-31,0.6777000000000001
2011-08-01,0.6722
2011-08-02,0.6679
2011-08-03,0.6634
2011-08-04,0.6584
2011-08-05,0.654
2011-08-06,0.65
2011-08-07,0.6446000000000001
2011-08-08,0.6387
2011-08-09,0.6369
2011-08-10,0.6322
2011-08-11,0.6295000000000001
2011-08-12,0.627
2011-08-13,0.6268
2011-08-14,0.6294000000000001
2011-08-15,0.6371
2011-08-16,0.6398
2011-08-17,0.6386000000000001
2011-08-18,0.6394000000000001
2011-08-19,0.6386000000000001
2011-08-20,0.6407
2011-08-21,0.6367
2011-08-22,0.6375000000000001
2011-08-23,0.6374000000000001
2011-08-24,0.6356
2011-08-25,0.6392
2011-08-26,0.637
2011-08-27,0.6321
2011-08-28,0.6277
2011-08-29,0.6251
2011-08-30,0.6219
2011-08-31,0.6164000000000001
2011-09-01,0.6136
2011-09-02,0.6111
2011-09-03,0.6091
2011-09-04,0.6106
2011-09-05,0.6092000000000001
2011-09-06,0.6099
2011-09-07,0.612
2011-09-08,0.6127
2011-09-09,0.6158
2011-09-10,0.6164000000000001
2011-09-11,0.6184000000000001
2011-09-12,0.6226
2011-09-13,0.6293000000000001
2011-09-14,0.6303000000000001
2011-09-15,0.6344000000000001
2011-09-16,0.6379
2011-09-17,0.6433
2011-09-18,0.6448
2011-09-19,0.65
2011-09-20,0.6509
2011-09-21,0.6538
2011-09-22,0.6549
2011-09-23,0.6586000000000001
2011-09-24,0.6559
2011-09-25,0.6535000000000001
2011-09-26,0.6503
2011-09-27,0.6503
2011-09-28,0.6436000000000001
2011-09-29,0.6418
2011-09-30,0.6403
2011-10-01,0.637
2011-10-02,0.6343
2011-10-03,0.6341
2011-10-04,0.6313000000000001
2011-10-05,0.6287
2011-10-06,0.6269
2011-10-07,0.6254000000000001
2011-10-08,0.623
2011-10-09,0.6195
2011-10-10,0.6172000000000001
2011-10-11,0.614
2011-10-12,0.6096
2011-10-13,0.6093000000000001
2011-10-14,0.6031000000000001
2011-10-15,0.6007
2011-10-16,0.5975
2011-10-17,0.596
2011-10-18,0.5926
2011-10-19,0.5908
2011-10-20,0.5890000000000001
2011-10-21,0.5867
2011-10-22,0.5851000000000001
2011-10-23,0.5827
2011-10-24,0.5787
2011-10-25,0.5770000000000001
2011-10-26,0.5726
2011-10-27,0.5691
2011-10-28,0.5646
2011-10-29,0.5638000000000001
2011-10-30,0.5562
2011-10-31,0.5537000000000001
2011-11-01,0.5517000000000001
2011-11-02,0.5508000000000001
2011-11-03,0.5494
2011-11-04,0.5471
2011-11-05,0.5454
2011-11-06,0.5433
2011-11-07,0.5412
2011-11-08,0.5395
2011-11-09,0.5368
2011-11-10,0.5325
2011-11-11,0.5319
2011-11-12,0.5289
2011-11-13,0.529
2011-11-14,0.5247
2011-11-15,0.5217
2011-11-16,0.5176000000000001
2011-11-17,0.5143
2011-11-18,0.5107
2011-11-19,0.512
2011-11-20,0.5096
2011-11-21,0.5058
2011-11-22,0.5038
2011-11-23,0.5002
2011-11-24,0.4959
2011-11-25,0.4942
2011-11-26,0.4928
2011-11-27,0.4903
2011-11-28,0.4900000000000001
2011-11-29,0.4878
2011-11-30,0.4842
2011-12-01,0.4806
2011-12-02,0.4783
2011-12-03,0.4773
2011-12-04,0.4788
2011-12-05,0.478
2011-12-06,0.4809000000000001
2011-12-07,0.4822
2011-12-08,0.4819000000000001
2011-12-09,0.482
2011-12-10,0.4826
2011-12-11,0.4841
2011-12-12,0.4869
2011-12-13,0.4893
2011-12-14,0.4914
2011-12-15,0.4912
2011-12-16,0.4908
2011-12-17,0.4901
2011-12-18,0.4876
2011-12-19,0.483
2011-12-20,0.4814000000000001
2011-12-21,0.4793
2011-12-22,0.476
2011-12-23,0.4717
2011-12-24,0.4688000000000001
2011-12-25,0.467
2011-12-26,0.4608
2011-12-27,0.4599
2011-12-28,0.4628
2011-12-29,0.4628
2011-12-30,0.4628
2011-12-31,0.4659
2012-01-01,0.4685
2012-01-02,0.4685
2012-01-03,0.4682
2012-01-04,0.46799999999999997
2012-01-05,0.4693
2012-01-06,0.47
2012-01-07,0.46799999999999997
2012-01-08,0.4693
2012-01-09,0.4673000000000001
2012-01-10,0.4651
2012-01-11,0.4655
2012-01-12,0.4661
2012-01-13,0.4703
2012-01-14,0.4737
2012-01-15,0.4782
2012-01-16,0.4861
2012-01-17,0.4934
2012-01-18,0.5016
2012-01-19,0.5082
2012-01-20,0.5142
2012-01-21,0.5207
2012-01-22,0.5287000000000001
2012-01-23,0.5316000000000001
2012-01-24,0.5395
2012-01-25,0.5438000000000001
2012-01-26,0.5496
2012-01-27,0.5518000000000001
2012-01-28,0.5581
2012-01-29,0.5602
2012-01-30,0.5592
2012-01-31,0.5611
2012-02-01,0.5630000000000001
2012-02-02,0.5660000000000001
2012-02-03,0.5661
2012-02-04,0.5680000000000001
2012-02-05,0.5722
2012-02-06,0.5742
2012-02-07,0.5784
2012-02-08,0.5814
2012-02-09,0.5836
2012-02-10,0.5860000000000001
2012-02-11,0.5891000000000001
2012-02-12,0.5912000000000001
2012-02-13,0.5920000000000001
2012-02-14,0.5929
2012-02-15,0.5926
2012-02-16,0.5931000000000001
2012-02-17,0.5923
2012-02-18,0.5903
2012-02-19,0.5883
2012-02-20,0.5863
2012-02-21,0.5861000000000001
2012-02-22,0.5835
2012-02-23,0.5825
2012-02-24,0.5834
2012-02-25,0.5856
2012-02-26,0.5888
2012-02-27,0.5916
2012-02-28,0.5930000000000001
2012-02-29,0.596
2012-03-01,0.5982000000000001
2012-03-02,0.6043000000000001
2012-03-03,0.6071000000000001
2012-03-04,0.6132000000000001
2012-03-05,0.6178
2012-03-06,0.6225
2012-03-07,0.6237
2012-03-08,0.628
2012-03-09,0.6312
2012-03-10,0.6328
2012-03-11,0.6347
2012-03-12,0.6372
2012-03-13,0.6385000000000001
2012-03-14,0.64
2012-03-15,0.6418
2012-03-16,0.642
2012-03-17,0.6425000000000001
2012-03-18,0.6431
2012-03-19,0.6421
2012-03-20,0.6414000000000001
2012-03-21,0.6394000000000001
2012-03-22,0.6359
2012-03-23,0.6314000000000001
2012-03-24,0.6297
2012-03-25,0.6283000000000001
2012-03-26,0.6281
2012-03-27,0.6291
2012-03-28,0.6301
2012-03-29,0.6291
2012-03-30,0.6289
2012-03-31,0.6292
2012-04-01,0.6312
2012-04-02,0.6319
2012-04-03,0.6335000000000001
2012-04-04,0.6378
2012-04-05,0.6409999999999999
2012-04-06,0.6446000000000001
2012-04-07,0.6484
2012-04-08,0.6542
2012-04-09,0.6598
2012-04-10,0.6637000000000001
2012-04-11,0.6714
2012-04-12,0.6733
2012-04-13,0.6768000000000001
2012-04-14,0.6769000000000001
2012-04-15,0.6785
2012-04-16,0.6781
2012-04-17,0.682
2012-04-18,0.6815
2012-04-19,0.6796
2012-04-20,0.6793
2012-04-21,0.6788000000000001
2012-04-22,0.6811
2012-04-23,0.6817000000000001
2012-04-24,0.6838000000000001
2012-04-25,0.6829999999999999
2012-04-26,0.6856
2012-04-27,0.6886
2012-04-28,0.6902
2012-04-29,0.6916
2012-04-30,0.6956
2012-05-01,0.6993
2012-05-02,0.7008
2012-05-03,0.7015
2012-05-04,0.7033
2012-05-05,0.7042
2012-05-06,0.7076
2012-05-07,0.7098
2012-05-08,0.7106
2012-05-09,0.7101000000000001
2012-05-10,0.7121000000000001
2012-05-11,0.7131000000000001
2012-05-12,0.7100000000000001
2012-05-13,0.7077
2012-05-14,0.7074
2012-05-15,0.7084
2012-05-16,0.7134
2012-05-17,0.7137
2012-05-18,0.7152000000000001
2012-05-19,0.7170000000000001
2012-05-20,0.7188
2012-05-21,0.7201000000000001
2012-05-22,0.7219
2012-05-23,0.7246
2012-05-24,0.7268
2012-05-25,0.7308
2012-05-26,0.7331000000000001
2012-05-27,0.7355
2012-05-28,0.7377
2012-05-29,0.7389
2012-05-30,0.7432000000000001
2012-05-31,0.7458
2012-06-01,0.7473000000000001
2012-06-02,0.7487
2012-06-03,0.7496
2012-06-04,0.7507
2012-06-05,0.7496
2012-06-06,0.7477
2012-06-07,0.7437
2012-06-08,0.7407
2012-06-09,0.7368
2012-06-10,0.7312000000000001
2012-06-11,0.7253000000000001
2012-06-12,0.7186
2012-06-13,0.7133
2012-06-14,0.7054
2012-06-15,0.6990000000000001
2012-06-16,0.6917
2012-06-17,0.6861
2012-06-18,0.6796
2012-06-19,0.6732
2012-06-20,0.6694
2012-06-21,0.6611
2012-06-22,0.6554
2012-06-23,0.6522
2012-06-24,0.6461
2012-06-25,0.6454000000000001
2012-06-26,0.6439
2012-06-27,0.6428
2012-06-28,0.6445000000000001
2012-06-29,0.6471
2012-06-30,0.647
2012-07-01,0.6474000000000001
2012-07-02,0.6484
2012-07-03,0.6507000000000001
2012-07-04,0.6517000000000001
2012-07-05,0.6527000000000001
2012-07-06,0.657
2012-07-07,0.6632
2012-07-08,0.6662
2012-07-09,0.6649
2012-07-10,0.6661
2012-07-11,0.6671
2012-07-12,0.6695
2012-07-13,0.6714
2012-07-14,0.6679
2012-07-15,0.6694
2012-07-16,0.672
2012-07-17,0.6749
2012-07-18,0.6768000000000001
2012-07-19,0.6765
2012-07-20,0.6758000000000001
2012-07-21,0.6732
2012-07-22,0.6703
2012-07-23,0.6707000000000001
2012-07-24,0.6698000000000001
2012-07-25,0.6672
2012-07-26,0.664
2012-07-27,0.6583
2012-07-28,0.6586000000000001
2012-07-29,0.6566000000000001
2012-07-30,0.6549
2012-07-31,0.6562
2012-08-01,0.6576000000000001
2012-08-02,0.6609
2012-08-03,0.6659
2012-08-04,0.6669
2012-08-05,0.6726000000000001
2012-08-06,0.6753
2012-08-07,0.6794
2012-08-08,0.6826
2012-08-09,0.6851
2012-08-10,0.6912
2012-08-11,0.6990000000000001
2012-08-12,0.7024
2012-08-13,0.7079000000000001
2012-08-14,0.7129000000000001
2012-08-15,0.7165
2012-08-16,0.7251000000000001
2012-08-17,0.7253000000000001
2012-08-18,0.7285
2012-08-19,0.7266
2012-08-20,0.7267
2012-08-21,0.7262000000000001
2012-08-22,0.7221000000000001
2012-08-23,0.7181000000000001
2012-08-24,0.7166
2012-08-25,0.7130000000000001
2012-08-26,0.7113
2012-08-27,0.7085
2012-08-28,0.7055
2012-08-29,0.7011000000000001
2012-08-30,0.6987
2012-08-31,0.6951
2012-09-01,0.6922
2012-09-02,0.6913
2012-09-03,0.6894
2012-09-04,0.6910000000000001
2012-09-05,0.6906
2012-09-06,0.6896
2012-09-07,0.6829999999999999
2012-09-08,0.6801
2012-09-09,0.6766
2012-09-10,0.6733
2012-09-11,0.6699
2012-09-12,0.6659
2012-09-13,0.6613
2012-09-14,0.6609999999999999
2012-09-15,0.6564
2012-09-16,0.6541
2012-09-17,0.6505000000000001
2012-09-18,0.6502
2012-09-19,0.6497
2012-09-20,0.6497
2012-09-21,0.6506000000000001
2012-09-22,0.653
2012-09-23,0.657
2012-09-24,0.6645
2012-09-25,0.6673
2012-09-26,0.672
2012-09-27,0.6755
2012-09-28,0.6785
2012-09-29,0.6786
2012-09-30,0.6792
2012-10-01,0.6787000000000001
2012-10-02,0.6782
2012-10-03,0.6754
2012-10-04,0.6667000000000001
2012-10-05,0.6635
2012-10-06,0.6579
2012-10-07,0.6549
2012-10-08,0.6519
2012-10-09,0.6513
2012-10-10,0.6486000000000001
2012-10-11,0.6466000000000001
2012-10-12,0.6483
2012-10-13,0.6502
2012-10-14,0.66
2012-10-15,0.6619
2012-10-16,0.6629999999999999
2012-10-17,0.6625
2012-10-18,0.6604
2012-10-19,0.6586000000000001
2012-10-20,0.6535000000000001
2012-10-21,0.6496000000000001
2012-10-22,0.6426000000000001
2012-10-23,0.635
2012-10-24,0.6268
2012-10-25,0.6187
2012-10-26,0.6103000000000001
2012-10-27,0.6039
2012-10-28,0.595
2012-10-29,0.5928
2012-10-30,0.5922000000000001
2012-10-31,0.5921000000000001
2012-11-01,0.5953
2012-11-02,0.5957
2012-11-03,0.5993
2012-11-04,0.6012000000000001
2012-11-05,0.6034
2012-11-06,0.6046
2012-11-07,0.6057
2012-11-08,0.6073000000000001
2012-11-09,0.6061000000000001
2012-11-10,0.6055
2012-11-11,0.606
2012-11-12,0.6054
2012-11-13,0.6032000000000001
2012-11-14,0.6046
2012-11-15,0.6036
2012-11-16,0.6039
2012-11-17,0.6031000000000001
2012-11-18,0.6021000000000001
2012-11-19,0.6053000000000001
2012-11-20,0.6038
2012-11-21,0.6034
2012-11-22,0.6045
2012-11-23,0.6065
2012-11-24,0.6086
2012-11-25,0.6097
2012-11-26,0.6128
2012-11-27,0.6148
2012-11-28,0.615
2012-11-29,0.6144000000000001
2012-11-30,0.6155
2012-12-01,0.6143000000000001
2012-12-02,0.6118
2012-12-03,0.6139
2012-12-04,0.6137
2012-12-05,0.613
2012-12-06,0.6136
2012-12-07,0.6145
2012-12-08,0.6139
2012-12-09,0.6145
2012-12-10,0.6163000000000001
2012-12-11,0.6162000000000001
2012-12-12,0.6189
2012-12-13,0.618
2012-12-14,0.6217
2012-12-15,0.6255000000000001
2012-12-16,0.6296
2012-12-17,0.6318
2012-12-18,0.6366
2012-12-19,0.6393
2012-12-20,0.6449
2012-12-21,0.6491
2012-12-22,0.6525000000000001
2012-12-23,0.6555000000000001
2012-12-24,0.6575000000000001
2012-12-25,0.6614
2012-12-26,0.6661
2012-12-27,0.6684
2012-12-28,0.6729
2012-12-29,0.6756
2012-12-30,0.6763
2012-12-31,0.6805
2013-01-01,0.6844
2013-01-02,0.6880000000000001
2013-01-03,0.6893
2013-01-04,0.6904
2013-01-05,0.6881
2013-01-06,0.6839000000000001
2013-01-07,0.6806
2013-01-08,0.6743
2013-01-09,0.6724
2013-01-10,0.6644
2013-01-11,0.6575000000000001
2013-01-12,0.6491
2013-01-13,0.6435000000000001
2013-01-14,0.6349
2013-01-15,0.6287
2013-01-16,0.6255000000000001
2013-01-17,0.6214000000000001
2013-01-18,0.6188
2013-01-19,0.6183000000000001
2013-01-20,0.6169
2013-01-21,0.6111
2013-01-22,0.6096
2013-01-23,0.608
2013-01-24,0.6097
2013-01-25,0.6132000000000001
2013-01-26,0.6117
2013-01-27,0.6099
2013-01-28,0.6098
2013-01-29,0.6112000000000001
2013-01-30,0.6125
2013-01-31,0.618
2013-02-01,0.6204000000000001
2013-02-02,0.6216
2013-02-03,0.6254000000000001
2013-02-04,0.6256
2013-02-05,0.6277
2013-02-06,0.6293000000000001
2013-02-07,0.629
2013-02-08,0.6302
2013-02-09,0.6291
2013-02-10,0.6292
2013-02-11,0.6279
2013-02-12,0.6277
2013-02-13,0.6242
2013-02-14,0.6237
2013-02-15,0.6244000000000001
2013-02-16,0.6226
2013-02-17,0.621
2013-02-18,0.6201
2013-02-19,0.6185
2013-02-20,0.6176
2013-02-21,0.6189
2013-02-22,0.6206
2013-02-23,0.6221
2013-02-24,0.6273000000000001
2013-02-25,0.6309
2013-02-26,0.6339
2013-02-27,0.6393
2013-02-28,0.6457
2013-03-01,0.6496000000000001
2013-03-02,0.6563
2013-03-03,0.6618
2013-03-04,0.6665
2013-03-05,0.6708000000000001
2013-03-06,0.6741
2013-03-07,0.6756
2013-03-08,0.6782
2013-03-09,0.6797000000000001
2013-03-10,0.6795
2013-03-11,0.6778000000000001
2013-03-12,0.6764
2013-03-13,0.6768000000000001
2013-03-14,0.6744
2013-03-15,0.6743
2013-03-16,0.6734
2013-03-17,0.6737000000000001
2013-03-18,0.674
2013-03-19,0.6759999999999999
2013-03-20,0.6807000000000001
2013-03-21,0.6856
2013-03-22,0.6865
2013-03-23,0.6919000000000001
2013-03-24,0.6991
2013-03-25,0.7018
2013-03-26,0.7106
2013-03-27,0.7119000000000001
2013-03-28,0.7221000000000001
2013-03-29,0.7243
2013-03-30,0.7364
2013-03-31,0.7454000000000001
2013-04-01,0.7532
2013-04-02,0.7638
2013-04-03,0.7748
2013-04-04,0.7899
2013-04-05,0.81
2013-04-06,0.8241
2013-04-07,0.8403
2013-04-08,0.8527
2013-04-09,0.8677
2013-04-10,0.8807
2013-04-11,0.8927
2013-04-12,0.8977
2013-04-13,0.9031
2013-04-14,0.9049
2013-04-15,0.9073
2013-04-16,0.9076
2013-04-17,0.9014
2013-04-18,0.8939
2013-04-19,0.8834000000000001
2013-04-20,0.871
2013-04-21,0.86
2013-04-22,0.8463
2013-04-23,0.8336
2013-04-24,0.8186
2013-04-25,0.8042
2013-04-26,0.7897000000000001
2013-04-27,0.7784000000000001
2013-04-28,0.7656000000000001
2013-04-29,0.7543000000000001
2013-04-30,0.7449
2013-05-01,0.7356
2013-05-02,0.7285
2013-05-03,0.7208
2013-05-04,0.7148
2013-05-05,0.7093
2013-05-06,0.7031000000000001
2013-05-07,0.7006
2013-05-08,0.6960000000000001
2013-05-09,0.6948000000000001
2013-05-10,0.6946
2013-05-11,0.6934
2013-05-12,0.6918000000000001
2013-05-13,0.6932
2013-05-14,0.6919000000000001
2013-05-15,0.6939000000000001
2013-05-16,0.6943
2013-05-17,0.6998000000000001
2013-05-18,0.7020000000000001
2013-05-19,0.7024
2013-05-20,0.7065
2013-05-21,0.7071000000000001
2013-05-22,0.7058
2013-05-23,0.7058
2013-05-24,0.7062
2013-05-25,0.7020000000000001
2013-05-26,0.7025
2013-05-27,0.6994
2013-05-28,0.6992
2013-05-29,0.6978000000000001
2013-05-30,0.6964
2013-05-31,0.6922
2013-06-01,0.6880000000000001
2013-06-02,0.6812
2013-06-03,0.6772
2013-06-04,0.6692
2013-06-05,0.6619
2013-06-06,0.6557000000000001
2013-06-07,0.6518
2013-06-08,0.6473
2013-06-09,0.6442
2013-06-10,0.6432
2013-06-11,0.6441
2013-06-12,0.6448
2013-06-13,0.6464000000000001
2013-06-14,0.6466000000000001
2013-06-15,0.6497
2013-06-16,0.6524
2013-06-17,0.6537000000000001
2013-06-18,0.6546000000000001
2013-06-19,0.6558
2013-06-20,0.6562
2013-06-21,0.6581
2013-06-22,0.6609
2013-06-23,0.6578
2013-06-24,0.6564
2013-06-25,0.652
2013-06-26,0.6459
2013-06-27,0.6419
2013-06-28,0.6356
2013-06-29,0.6349
2013-06-30,0.6329
2013-07-01,0.6321
2013-07-02,0.6317
2013-07-03,0.6299
2013-07-04,0.6281
2013-07-05,0.6326
2013-07-06,0.6341
2013-07-07,0.6329
2013-07-08,0.6359
2013-07-09,0.6378
2013-07-10,0.6394000000000001
2013-07-11,0.6393
2013-07-12,0.6444000000000001
2013-07-13,0.6417
2013-07-14,0.642
2013-07-15,0.645
2013-07-16,0.6456000000000001
2013-07-17,0.6508
2013-07-18,0.6549
2013-07-19,0.6562
2013-07-20,0.6615
2013-07-21,0.6649
2013-07-22,0.6717000000000001
2013-07-23,0.6818000000000001
2013-07-24,0.6869000000000001
2013-07-25,0.6973
2013-07-26,0.7054
2013-07-27,0.7110000000000001
2013-07-28,0.7158
2013-07-29,0.7218
2013-07-30,0.7271000000000001
2013-07-31,0.7345
2013-08-01,0.7408
2013-08-02,0.7457
2013-08-03,0.7509
2013-08-04,0.7546
2013-08-05,0.7617
2013-08-06,0.7649
2013-08-07,0.7705000000000001
2013-08-08,0.774
2013-08-09,0.7762
2013-08-10,0.7778
2013-08-11,0.7797000000000001
2013-08-12,0.782
2013-08-13,0.7867000000000001
2013-08-14,0.7874
2013-08-15,0.7885000000000001
2013-08-16,0.7914
2013-08-17,0.7899
2013-08-18,0.7913
2013-08-19,0.7928000000000001
2013-08-20,0.7938000000000001
2013-08-21,0.7909
2013-08-22,0.7923
2013-08-23,0.7905000000000001
2013-08-24,0.7873
2013-08-25,0.7871
2013-08-26,0.7867000000000001
2013-08-27,0.785
2013-08-28,0.7837000000000001
2013-08-29,0.7834
2013-08-30,0.7823
2013-08-31,0.7758
2013-09-01,0.7735000000000001
2013-09-02,0.7696000000000001
2013-09-03,0.7655000000000001
2013-09-04,0.7585000000000001
2013-09-05,0.7534000000000001
2013-09-06,0.7496
2013-09-07,0.7438
2013-09-08,0.738
2013-09-09,0.7355
2013-09-10,0.7315
2013-09-11,0.7302000000000001
2013-09-12,0.7268
2013-09-13,0.7260000000000001
2013-09-14,0.7214
2013-09-15,0.7224
2013-09-16,0.7290000000000001
2013-09-17,0.7295
2013-09-18,0.7365
2013-09-19,0.7424000000000001
2013-09-20,0.748
2013-09-21,0.7501
2013-09-22,0.7536
2013-09-23,0.7564000000000001
2013-09-24,0.7565000000000001
2013-09-25,0.7562
2013-09-26,0.7551
2013-09-27,0.7529
2013-09-28,0.7489
2013-09-29,0.7486
2013-09-30,0.7472000000000001
2013-10-01,0.7424000000000001
2013-10-02,0.7406
2013-10-03,0.7375
2013-10-04,0.7347
2013-10-05,0.733
2013-10-06,0.7293000000000001
2013-10-07,0.7297
2013-10-08,0.7284
2013-10-09,0.7275
2013-10-10,0.7243
2013-10-11,0.7221000000000001
2013-10-12,0.7212000000000001
2013-10-13,0.7183
2013-10-14,0.7152000000000001
2013-10-15,0.7145
2013-10-16,0.7133
2013-10-17,0.7085
2013-10-18,0.7064
2013-10-19,0.6991
2013-10-20,0.6917
2013-10-21,0.6841
2013-10-22,0.6765
2013-10-23,0.6689
2013-10-24,0.6605000000000001
2013-10-25,0.6556000000000001
2013-10-26,0.6456000000000001
2013-10-27,0.6356
2013-10-28,0.6314000000000001
2013-10-29,0.6264000000000001
2013-10-30,0.6241
2013-10-31,0.6223000000000001
2013-11-01,0.6197
2013-11-02,0.6223000000000001
2013-11-03,0.6248
2013-11-04,0.6248
2013-11-05,0.6311
2013-11-06,0.6325000000000001
2013-11-07,0.6325000000000001
2013-11-08,0.6377
2013-11-09,0.6412
2013-11-10,0.6375000000000001
2013-11-11,0.6357
2013-11-12,0.631
2013-11-13,0.6269
2013-11-14,0.6233000000000001
2013-11-15,0.6212
2013-11-16,0.6168
2013-11-17,0.6136
2013-11-18,0.6106
2013-11-19,0.6058
2013-11-20,0.6025
2013-11-21,0.5997
2013-11-22,0.5974
2013-11-23,0.5963
2013-11-24,0.5956
2013-11-25,0.595
2013-11-26,0.5943
2013-11-27,0.5932000000000001
2013-11-28,0.5908
2013-11-29,0.5915
2013-11-30,0.5887
2013-12-01,0.5857
2013-12-02,0.5856
2013-12-03,0.5794
2013-12-04,0.5748
2013-12-05,0.5753
2013-12-06,0.5713
2013-12-07,0.5659000000000001
2013-12-08,0.5629000000000001
2013-12-09,0.5595
2013-12-10,0.5537000000000001
2013-12-11,0.5516
2013-12-12,0.5488000000000001
2013-12-13,0.5491
2013-12-14,0.5469
2013-12-15,0.5486
2013-12-16,0.5451
2013-12-17,0.5427000000000001
2013-12-18,0.5416000000000001
2013-12-19,0.5369
2013-12-20,0.536
2013-12-21,0.5332
2013-12-22,0.5296000000000001
2013-12-23,0.5275000000000001
2013-12-24,0.5253
2013-12-25,0.5194
2013-12-26,0.5183
2013-12-27,0.5172
2013-12-28,0.5152
2013-12-29,0.5131
2013-12-30,0.5131
2013-12-31,0.5127
2014-01-01,0.5128
2014-01-02,0.5118
2014-01-03,0.5135000000000001
2014-01-04,0.5126000000000001
2014-01-05,0.5124000000000001
2014-01-06,0.5139
2014-01-07,0.5161
2014-01-08,0.5176000000000001
2014-01-09,0.5206000000000001
2014-01-10,0.5223
2014-01-11,0.5246000000000001
2014-01-12,0.5266000000000001
2014-01-13,0.5268
2014-01-14,0.5269
2014-01-15,0.5259
2014-01-16,0.5258
2014-01-17,0.5242
2014-01-18,0.5226000000000001
2014-01-19,0.5229
2014-01-20,0.5199
2014-01-21,0.5208
2014-01-22,0.5211
2014-01-23,0.5227
2014-01-24,0.5245000000000001
2014-01-25,0.5248
2014-01-26,0.5262
2014-01-27,0.5292
2014-01-28,0.5318
2014-01-29,0.537
2014-01-30,0.5425
2014-01-31,0.5463
2014-02-01,0.5526
2014-02-02,0.5554
2014-02-03,0.5607
2014-02-04,0.5667
2014-02-05,0.5722
2014-02-06,0.5790000000000001
2014-02-07,0.5854
2014-02-08,0.5887
2014-02-09,0.5915
2014-02-10,0.5937
2014-02-11,0.5971000000000001
2014-02-12,0.5999
2014-02-13,0.6023000000000001
2014-02-14,0.6051000000000001
2014-02-15,0.6077
2014-02-16,0.6122000000000001
2014-02-17,0.6151
2014-02-18,0.6174000000000001
2014-02-19,0.6219
2014-02-20,0.6251
2014-02-21,0.6301
2014-02-22,0.6296
2014-02-23,0.6358
2014-02-24,0.6437
2014-02-25,0.649
2014-02-26,0.6538
2014-02-27,0.6587000000000001
2014-02-28,0.6632
2014-03-01,0.6679
2014-03-02,0.6739
2014-03-03,0.6785
2014-03-04,0.6812
2014-03-05,0.6872
2014-03-06,0.6937
2014-03-07,0.6957
2014-03-08,0.6960000000000001
2014-03-09,0.6998000000000001
2014-03-10,0.7024
2014-03-11,0.7048
2014-03-12,0.7060000000000001
2014-03-13,0.7066
2014-03-14,0.7060000000000001
2014-03-15,0.7074
2014-03-16,0.7084
2014-03-17,0.7093
2014-03-18,0.7127
2014-03-19,0.7164
2014-03-20,0.7186
2014-03-21,0.7216
2014-03-22,0.7255
2014-03-23,0.7305
2014-03-24,0.7339
2014-03-25,0.7365
2014-03-26,0.7367
2014-03-27,0.7376
2014-03-28,0.7347
2014-03-29,0.7348
2014-03-30,0.7331000000000001
2014-03-31,0.7317
2014-04-01,0.7317
2014-04-02,0.73
2014-04-03,0.7260000000000001
2014-04-04,0.7240000000000001
2014-04-05,0.7203
2014-04-06,0.7212000000000001
2014-04-07,0.7214
2014-04-08,0.7237
2014-04-09,0.7276
2014-04-10,0.7289
2014-04-11,0.7297
2014-04-12,0.7342000000000001
2014-04-13,0.7376
2014-04-14,0.74
2014-04-15,0.7439
2014-04-16,0.7433000000000001
2014-04-17,0.7441
2014-04-18,0.7446
2014-04-19,0.7452000000000001
2014-04-20,0.7469
2014-04-21,0.7499
2014-04-22,0.7526
2014-04-23,0.7547
2014-04-24,0.7602
2014-04-25,0.7686000000000001
2014-04-26,0.782
2014-04-27,0.7921
2014-04-28,0.8068000000000001
2014-04-29,0.8212
2014-04-30,0.8333
2014-05-01,0.8458
2014-05-02,0.8561000000000001
2014-05-03,0.8651000000000001
2014-05-04,0.8719
2014-05-05,0.8791
2014-05-06,0.8832000000000001
2014-05-07,0.8847
2014-05-08,0.8789
2014-05-09,0.8757
2014-05-10,0.8694000000000001
2014-05-11,0.8640000000000001
2014-05-12,0.8551000000000001
2014-05-13,0.8436
2014-05-14,0.8314
2014-05-15,0.8204
2014-05-16,0.8035
2014-05-17,0.7955
2014-05-18,0.7842
2014-05-19,0.7752
2014-05-20,0.7695000000000001
2014-05-21,0.7617
2014-05-22,0.7558
2014-05-23,0.7501
2014-05-24,0.745
2014-05-25,0.7419
2014-05-26,0.7382000000000001
2014-05-27,0.735
2014-05-28,0.7299
2014-05-29,0.7276
2014-05-30,0.7236
2014-05-31,0.7189
2014-06-01,0.7167
2014-06-02,0.7107
2014-06-03,0.7079000000000001
2014-06-04,0.7061000000000001
2014-06-05,0.7012
2014-06-06,0.6978000000000001
2014-06-07,0.6947
2014-06-08,0.6895
2014-06-09,0.6849000000000001
2014-06-10,0.6818000000000001
2014-06-11,0.6773
2014-06-12,0.6715
2014-06-13,0.6685
2014-06-14,0.6679999999999999
2014-06-15,0.665
2014-06-16,0.6636000000000001
2014-06-17,0.6664
2014-06-18,0.6663
2014-06-19,0.664
2014-06-20,0.6644
2014-06-21,0.6631
2014-06-22,0.6626000000000001
2014-06-23,0.6595000000000001
2014-06-24,0.6597000000000001
2014-06-25,0.6579999999999999
2014-06-26,0.6556000000000001
2014-06-27,0.6563
2014-06-28,0.6567000000000001
2014-06-29,0.6574
2014-06-30,0.6594
2014-07-01,0.6641
2014-07-02,0.6642
2014-07-03,0.6647000000000001
2014-07-04,0.665
2014-07-05,0.6693
2014-07-06,0.6706000000000001
2014-07-07,0.6717000000000001
2014-07-08,0.6764
2014-07-09,0.6784
2014-07-10,0.6797000000000001
2014-07-11,0.6841
2014-07-12,0.6841
2014-07-13,0.6826
2014-07-14,0.6827000000000001
2014-07-15,0.68
2014-07-16,0.6779999999999999
2014-07-17,0.6756
2014-07-18,0.6729
2014-07-19,0.6693
2014-07-20,0.6659999999999999
2014-07-21,0.6583
2014-07-22,0.6591
2014-07-23,0.6577000000000001
2014-07-24,0.6598
2014-07-25,0.6644
2014-07-26,0.6686000000000001
2014-07-27,0.6738000000000001
2014-07-28,0.6817000000000001
2014-07-29,0.6907
2014-07-30,0.7004
2014-07-31,0.7133
2014-08-01,0.7232000000000001
2014-08-02,0.7332000000000001
2014-08-03,0.7418
2014-08-04,0.7481
2014-08-05,0.7527
2014-08-06,0.7581
2014-08-07,0.7571
2014-08-08,0.7559999999999999
2014-08-09,0.7541
2014-08-10,0.7542
2014-08-11,0.7562
2014-08-12,0.7584000000000001
2014-08-13,0.7626000000000001
2014-08-14,0.7684000000000001
2014-08-15,0.7744000000000001
2014-08-16,0.7816000000000001
2014-08-17,0.787
2014-08-18,0.7959
2014-08-19,0.804
2014-08-20,0.8087000000000001
2014-08-21,0.8185
2014-08-22,0.8242
2014-08-23,0.8322
2014-08-24,0.8369000000000001
2014-08-25,0.8414
2014-08-26,0.8418
2014-08-27,0.8431000000000001
2014-08-28,0.8450000000000001
2014-08-29,0.8428
2014-08-30,0.8377
2014-08-31,0.8348
2014-09-01,0.8296
2014-09-02,0.8288000000000001
2014-09-03,0.8237
2014-09-04,0.8212
2014-09-05,0.8186
2014-09-06,0.8157000000000001
2014-09-07,0.8147000000000001
2014-09-08,0.8164
2014-09-09,0.8166
2014-09-10,0.8185
2014-09-11,0.8177000000000001
2014-09-12,0.8198000000000001
2014-09-13,0.8172
2014-09-14,0.8147000000000001
2014-09-15,0.8121
2014-09-16,0.8109000000000001
2014-09-17,0.8098000000000001
2014-09-18,0.8098000000000001
2014-09-19,0.8079000000000001
2014-09-20,0.8057000000000001
2014-09-21,0.8051
2014-09-22,0.8059000000000001
2014-09-23,0.8061
2014-09-24,0.8034
2014-09-25,0.8043
2014-09-26,0.8072
2014-09-27,0.809
2014-09-28,0.8124
2014-09-29,0.8147000000000001
2014-09-30,0.8135
2014-10-01,0.8122
2014-10-02,0.8152
2014-10-03,0.8137000000000001
2014-10-04,0.8130000000000001
2014-10-05,0.8109000000000001
2014-10-06,0.8111
2014-10-07,0.8085
2014-10-08,0.8135
2014-10-09,0.8098000000000001
2014-10-10,0.8082
2014-10-11,0.8082
2014-10-12,0.8062
2014-10-13,0.8026000000000001
2014-10-14,0.7971
2014-10-15,0.7917000000000001
2014-10-16,0.7867000000000001
2014-10-17,0.7803
2014-10-18,0.7739
2014-10-19,0.7687
2014-10-20,0.7629
2014-10-21,0.7586
2014-10-22,0.7542
2014-10-23,0.7506
2014-10-24,0.7465
2014-10-25,0.7437
2014-10-26,0.7426
2014-10-27,0.7426
2014-10-28,0.7390000000000001
2014-10-29,0.7346
2014-10-30,0.7312000000000001
2014-10-31,0.7295
2014-11-01,0.7275
2014-11-02,0.7246
2014-11-03,0.7221000000000001
2014-11-04,0.7223
2014-11-05,0.7208
2014-11-06,0.7187
2014-11-07,0.7203
2014-11-08,0.7185
2014-11-09,0.7149
2014-11-10,0.7108
2014-11-11,0.7052
2014-11-12,0.7026
2014-11-13,0.6998000000000001
2014-11-14,0.6992
2014-11-15,0.6963
2014-11-16,0.6926
2014-11-17,0.6901
2014-11-18,0.6859000000000001
2014-11-19,0.6808000000000001
2014-11-20,0.6788000000000001
2014-11-21,0.6758000000000001
2014-11-22,0.6729999999999999
2014-11-23,0.6683
2014-11-24,0.6676000000000001
2014-11-25,0.6645
2014-11-26,0.6644
2014-11-27,0.6631
2014-11-28,0.6617000000000001
2014-11-29,0.6588
2014-11-30,0.6556000000000001
2014-12-01,0.6505000000000001
2014-12-02,0.6479
2014-12-03,0.6461
2014-12-04,0.6426000000000001
2014-12-05,0.6429
2014-12-06,0.6434000000000001
2014-12-07,0.6426000000000001
2014-12-08,0.6424000000000001
2014-12-09,0.6437
2014-12-10,0.6437
2014-12-11,0.6435000000000001
2014-12-12,0.6463
2014-12-13,0.6486000000000001
2014-12-14,0.6494
2014-12-15,0.6511
2014-12-16,0.6519
2014-12-17,0.6528
2014-12-18,0.6546000000000001
2014-12-19,0.6609999999999999
2014-12-20,0.6637000000000001
2014-12-21,0.6669
2014-12-22,0.6723
2014-12-23,0.6753
2014-12-24,0.6776
2014-12-25,0.6817000000000001
2014-12-26,0.6831
2014-12-27,0.6862
2014-12-28,0.6916
2014-12-29,0.6966
2014-12-30,0.7006
2014-12-31,0.7079000000000001
2015-01-01,0.7132000000000001
2015-01-02,0.7199
2015-01-03,0.7279
2015-01-04,0.7356
2015-01-05,0.7447
2015-01-06,0.7506
2015-01-07,0.7576
2015-01-08,0.7626000000000001
2015-01-09,0.7676000000000001
2015-01-10,0.7734000000000001
2015-01-11,0.7756000000000001
2015-01-12,0.7801
2015-01-13,0.7824
2015-01-14,0.7852
2015-01-15,0.7856000000000001
2015-01-16,0.7869
2015-01-17,0.7881
2015-01-18,0.7884
2015-01-19,0.7877000000000001
2015-01-20,0.7875000000000001
2015-01-21,0.7853
2015-01-22,0.7856000000000001
2015-01-23,0.7857000000000001
2015-01-24,0.7859999999999999
2015-01-25,0.7868
2015-01-26,0.7878000000000001
2015-01-27,0.7867000000000001
2015-01-28,0.7858
2015-01-29,0.7871
2015-01-30,0.7895000000000001
2015-01-31,0.7899
2015-02-01,0.7907000000000001
2015-02-02,0.7912
2015-02-03,0.7935
2015-02-04,0.7913
2015-02-05,0.7905000000000001
2015-02-06,0.7879
2015-02-07,0.7847000000000001
2015-02-08,0.7816000000000001
2015-02-09,0.7798
2015-02-10,0.7776000000000001
2015-02-11,0.7781
2015-02-12,0.7747
2015-02-13,0.7721
2015-02-14,0.7739
2015-02-15,0.772
2015-02-16,0.7693
2015-02-17,0.7669
2015-02-18,0.7655000000000001
2015-02-19,0.7632
2015-02-20,0.7609999999999999
2015-02-21,0.7572
2015-02-22,0.7552
2015-02-23,0.7535000000000001
2015-02-24,0.7494000000000001
2015-02-25,0.7444000000000001
2015-02-26,0.7416
2015-02-27,0.7363000000000001
2015-02-28,0.74
2015-03-01,0.7394000000000001
2015-03-02,0.7389
2015-03-03,0.7411
2015-03-04,0.7461
2015-03-05,0.7461
2015-03-06,0.7536
2015-03-07,0.7575000000000001
2015-03-08,0.7638
2015-03-09,0.7689
2015-03-10,0.7773
2015-03-11,0.7838
2015-03-12,0.7897000000000001
2015-03-13,0.7936000000000001
2015-03-14,0.7979999999999999
2015-03-15,0.7981
2015-03-16,0.7996000000000001
2015-03-17,0.8015
2015-03-18,0.8014
2015-03-19,0.8041
2015-03-20,0.8059000000000001
2015-03-21,0.8086
2015-03-22,0.8145
2015-03-23,0.8168000000000001
2015-03-24,0.8245
2015-03-25,0.8306
2015-03-26,0.8318000000000001
2015-03-27,0.8353
2015-03-28,0.8392000000000001
2015-03-29,0.8416
2015-03-30,0.8458
2015-03-31,0.8469
2015-04-01,0.8439000000000001
2015-04-02,0.8426
2015-04-03,0.8408
2015-04-04,0.8381000000000001
2015-04-05,0.8323
2015-04-06,0.8263
2015-04-07,0.8213
2015-04-08,0.8180000000000001
2015-04-09,0.8156
2015-04-10,0.8131
2015-04-11,0.8133
2015-04-12,0.8151
2015-04-13,0.8180000000000001
2015-04-14,0.8234
2015-04-15,0.8308000000000001
2015-04-16,0.8410000000000001
2015-04-17,0.8555
2015-04-18,0.8702000000000001
2015-04-19,0.8855000000000001
2015-04-20,0.9005000000000001
2015-04-21,0.9222
2015-04-22,0.9393
2015-04-23,0.9575
2015-04-24,0.9766
2015-04-25,0.9942
2015-04-26,1.0133
2015-04-27,1.0278
2015-04-28,1.0411
2015-04-29,1.0546
2015-04-30,1.0619
2015-05-01,1.0666
2015-05-02,1.0642
2015-05-03,1.0634
2015-05-04,1.0523
2015-05-05,1.043
2015-05-06,1.0354
2015-05-07,1.0276
2015-05-08,1.0138
2015-05-09,1.001
2015-05-10,0.9859
2015-05-11,0.9718
2015-05-12,0.9603
2015-05-13,0.9466
2015-05-14,0.9318
2015-05-15,0.9203
2015-05-16,0.9085
2015-05-17,0.9
2015-05-18,0.8862
2015-05-19,0.8739
2015-05-20,0.8640000000000001
2015-05-21,0.8555
2015-05-22,0.8444
2015-05-23,0.8363
2015-05-24,0.8272
2015-05-25,0.8166
2015-05-26,0.8151
2015-05-27,0.8062
2015-05-28,0.7989
2015-05-29,0.7929999999999999
2015-05-30,0.7872
2015-05-31,0.7804
2015-06-01,0.7745000000000001
2015-06-02,0.7703
2015-06-03,0.7685000000000001
2015-06-04,0.7633000000000001
2015-06-05,0.7592
2015-06-06,0.7559
2015-06-07,0.7527
2015-06-08,0.7465
2015-06-09,0.7428
2015-06-10,0.7428
2015-06-11,0.7429
2015-06-12,0.7423000000000001
2015-06-13,0.741
2015-06-14,0.7414000000000001
2015-06-15,0.741
2015-06-16,0.7422000000000001
2015-06-17,0.7438
2015-06-18,0.7468
2015-06-19,0.7506
2015-06-20,0.7518
2015-06-21,0.755
2015-06-22,0.76
2015-06-23,0.7677
2015-06-24,0.7712
2015-06-25,0.7767000000000001
2015-06-26,0.7779
2015-06-27,0.7804
2015-06-28,0.7828
2015-06-29,0.7854
2015-06-30,0.7884
2015-07-01,0.7924
2015-07-02,0.7966000000000001
2015-07-03,0.797
2015-07-04,0.7969
2015-07-05,0.8004
2015-07-06,0.8039000000000001
2015-07-07,0.8079999999999999
2015-07-08,0.8122
2015-07-09,0.8158000000000001
2015-07-10,0.8187000000000001
2015-07-11,0.8246
2015-07-12,0.8260000000000001
2015-07-13,0.8267
2015-07-14,0.8302
2015-07-15,0.8362
2015-07-16,0.8367
2015-07-17,0.8361000000000001
2015-07-18,0.8370000000000001
2015-07-19,0.8358
2015-07-20,0.8351000000000001
2015-07-21,0.8351000000000001
2015-07-22,0.8348
2015-07-23,0.8347
2015-07-24,0.8315
2015-07-25,0.8306
2015-07-26,0.8307
2015-07-27,0.8287
2015-07-28,0.8271000000000001
2015-07-29,0.8280000000000001
2015-07-30,0.8260000000000001
2015-07-31,0.8274
2015-08-01,0.8272
2015-08-02,0.8279000000000001
2015-08-03,0.8283
2015-08-04,0.8286
2015-08-05,0.8301000000000001
2015-08-06,0.8284
2015-08-07,0.8272
2015-08-08,0.8255
2015-08-09,0.8247
2015-08-10,0.8230000000000001
2015-08-11,0.8217
2015-08-12,0.8188000000000001
2015-08-13,0.8160000000000001
2015-08-14,0.8158000000000001
2015-08-15,0.8118000000000001
2015-08-16,0.8094
2015-08-17,0.8083
2015-08-18,0.8056000000000001
2015-08-19,0.8057000000000001
2015-08-20,0.8062
2015-08-21,0.8079000000000001
2015-08-22,0.8076
2015-08-23,0.8098000000000001
2015-08-24,0.8130000000000001
2015-08-25,0.8142
2015-08-26,0.8175
2015-08-27,0.8219000000000001
2015-08-28,0.8221
2015-08-29,0.8270000000000001
2015-08-30,0.8271000000000001
2015-08-31,0.8304
2015-09-01,0.8320000000000001
2015-09-02,0.8334
2015-09-03,0.8330000000000001
2015-09-04,0.8320000000000001
2015-09-05,0.8324
2015-09-06,0.8306
2015-09-07,0.8283
2015-09-08,0.8262
2015-09-09,0.8248000000000001
2015-09-10,0.8255
2015-09-11,0.8227
2015-09-12,0.8227
2015-09-13,0.8222
2015-09-14,0.8263
2015-09-15,0.8278000000000001
2015-09-16,0.8280000000000001
2015-09-17,0.8312
2015-09-18,0.8359000000000001
2015-09-19,0.8421000000000001
2015-09-20,0.8472000000000001
2015-09-21,0.8517
2015-09-22,0.8512000000000001
2015-09-23,0.8558
2015-09-24,0.8567
2015-09-25,0.8587
2015-09-26,0.8615
2015-09-27,0.8613000000000001
2015-09-28,0.8622000000000001
2015-09-29,0.8579
2015-09-30,0.8535
2015-10-01,0.8540000000000001
2015-10-02,0.8567
2015-10-03,0.8570000000000001
2015-10-04,0.8614
2015-10-05,0.8615
2015-10-06,0.8661000000000001
2015-10-07,0.8683000000000001
2015-10-08,0.8727
2015-10-09,0.8762000000000001
2015-10-10,0.882
2015-10-11,0.8866
2015-10-12,0.888
2015-10-13,0.8909999999999999
2015-10-14,0.8935000000000001
2015-10-15,0.8966000000000001
2015-10-16,0.899
2015-10-17,0.8978
2015-10-18,0.8982
2015-10-19,0.8978
2015-10-20,0.8947
2015-10-21,0.8934000000000001
2015-10-22,0.8911
2015-10-23,0.8881
2015-10-24,0.8865000000000001
2015-10-25,0.8849
2015-10-26,0.8828
2015-10-27,0.8802000000000001
2015-10-28,0.8768
2015-10-29,0.8743000000000001
2015-10-30,0.8757
2015-10-31,0.8745
2015-11-01,0.8740000000000001
2015-11-02,0.8731
2015-11-03,0.8718
2015-11-04,0.8711000000000001
2015-11-05,0.8697
2015-11-06,0.8692000000000001
2015-11-07,0.8676
2015-11-08,0.8643000000000001
2015-11-09,0.8658
2015-11-10,0.8639
2015-11-11,0.8606
2015-11-12,0.8608
2015-11-13,0.8593000000000001
2015-11-14,0.8575
2015-11-15,0.8580000000000001
2015-11-16,0.8568
2015-11-17,0.8570000000000001
2015-11-18,0.8601000000000001
2015-11-19,0.8568
2015-11-20,0.8578
2015-11-21,0.8599
2015-11-22,0.8652000000000001
2015-11-23,0.8668
2015-11-24,0.8671000000000001
2015-11-25,0.8707
2015-11-26,0.8706
2015-11-27,0.8733000000000001
2015-11-28,0.8759
2015-11-29,0.8737
2015-11-30,0.8740000000000001
2015-12-01,0.8749
2015-12-02,0.8736
2015-12-03,0.8717
2015-12-04,0.8695
2015-12-05,0.8698
2015-12-06,0.8690000000000001
2015-12-07,0.8666
2015-12-08,0.8655
2015-12-09,0.8621000000000001
2015-12-10,0.8598
2015-12-11,0.8566
2015-12-12,0.8511000000000001
2015-12-13,0.8465
2015-12-14,0.8409000000000001
2015-12-15,0.8359000000000001
2015-12-16,0.8299000000000001
2015-12-17,0.8243
2015-12-18,0.8197
2015-12-19,0.8145
2015-12-20,0.8087000000000001
2015-12-21,0.8037000000000001
2015-12-22,0.7969
2015-12-23,0.7913
2015-12-24,0.7864
2015-12-25,0.7811
2015-12-26,0.7772
2015-12-27,0.7734000000000001
2015-12-28,0.769
2015-12-29,0.7661
2015-12-30,0.7636000000000001
2015-12-31,0.7599
2016-01-01,0.7576
2016-01-02,0.7538
2016-01-03,0.7506
2016-01-04,0.7486
2016-01-05,0.7461
2016-01-06,0.7434000000000001
2016-01-07,0.7403000000000001
2016-01-08,0.7396
2016-01-09,0.7369
2016-01-10,0.736
2016-01-11,0.7351000000000001
2016-01-12,0.7338
2016-01-13,0.7336
2016-01-14,0.7337
2016-01-15,0.7337
2016-01-16,0.7328
2016-01-17,0.7334
2016-01-18,0.7337
2016-01-19,0.7362000000000001
2016-01-20,0.7373000000000001
2016-01-21,0.7392000000000001
2016-01-22,0.7407
2016-01-23,0.7404000000000001
2016-01-24,0.7404000000000001
2016-01-25,0.743
2016-01-26,0.7429
2016-01-27,0.7436
2016-01-28,0.7412000000000001
2016-01-29,0.7412000000000001
2016-01-30,0.7403000000000001
2016-01-31,0.7377
2016-02-01,0.7382000000000001
2016-02-02,0.74
2016-02-03,0.7395
2016-02-04,0.7422000000000001
2016-02-05,0.7428
2016-02-06,0.748
2016-02-07,0.7492000000000001
2016-02-08,0.7503000000000001
2016-02-09,0.7529
2016-02-10,0.7525000000000001
2016-02-11,0.7553000000000001
2016-02-12,0.7565000000000001
2016-02-13,0.7562
2016-02-14,0.7576
2016-02-15,0.7608
2016-02-16,0.7622
2016-02-17,0.7618
2016-02-18,0.7623000000000001
2016-02-19,0.7608
2016-02-20,0.7614000000000001
2016-02-21,0.7624000000000001
2016-02-22,0.7645000000000001
2016-02-23,0.7655000000000001
2016-02-24,0.7672
2016-02-25,0.7709
2016-02-26,0.7742
2016-02-27,0.7772
2016-02-28,0.7827000000000001
2016-02-29,0.7888000000000001
2016-03-01,0.7975
2016-03-02,0.8023
2016-03-03,0.8075
2016-03-04,0.8155
2016-03-05,0.8219000000000001
2016-03-06,0.8279000000000001
2016-03-07,0.8326
2016-03-08,0.8390000000000001
2016-03-09,0.8459
2016-03-10,0.8508
2016-03-11,0.8580000000000001
2016-03-12,0.8649
2016-03-13,0.8709
2016-03-14,0.8777
2016-03-15,0.8845000000000001
2016-03-16,0.8889
2016-03-17,0.8951
2016-03-18,0.8976000000000001
2016-03-19,0.9011
2016-03-20,0.9054
2016-03-21,0.9079999999999999
2016-03-22,0.9133
2016-03-23,0.9167
2016-03-24,0.9195
2016-03-25,0.9212
2016-03-26,0.919
2016-03-27,0.9166
2016-03-28,0.9146
2016-03-29,0.9086
2016-03-30,0.9032
2016-03-31,0.8972
2016-04-01,0.8888
2016-04-02,0.8816
2016-04-03,0.8751
2016-04-04,0.8641000000000001
2016-04-05,0.8608
2016-04-06,0.8557
2016-04-07,0.8513000000000001
2016-04-08,0.8476
2016-04-09,0.8439000000000001
2016-04-10,0.8393
2016-04-11,0.8389000000000001
2016-04-12,0.8412000000000001
2016-04-13,0.8429000000000001
2016-04-14,0.8437
2016-04-15,0.8445
2016-04-16,0.8438
2016-04-17,0.8442000000000001
2016-04-18,0.8438
2016-04-19,0.8444
2016-04-20,0.8466
2016-04-21,0.8432000000000001
2016-04-22,0.8442000000000001
2016-04-23,0.8450000000000001
2016-04-24,0.8473
2016-04-25,0.8473
2016-04-26,0.8512000000000001
2016-04-27,0.8581000000000001
2016-04-28,0.8659
2016-04-29,0.8738
2016-04-30,0.8831
2016-05-01,0.8943000000000001
2016-05-02,0.9054
2016-05-03,0.9163
2016-05-04,0.9279999999999999
2016-05-05,0.9384
2016-05-06,0.9472
2016-05-07,0.9565
2016-05-08,0.9653
2016-05-09,0.9727
2016-05-10,0.9778
2016-05-11,0.9809
2016-05-12,0.9843
2016-05-13,0.9872
2016-05-14,0.9873
2016-05-15,0.9846
2016-05-16,0.9809
2016-05-17,0.979
2016-05-18,0.9751
2016-05-19,0.9709
2016-05-20,0.9674
2016-05-21,0.9662
2016-05-22,0.9646
2016-05-23,0.9605
2016-05-24,0.9571
2016-05-25,0.9574
2016-05-26,0.9551
2016-05-27,0.9551
2016-05-28,0.9521
2016-05-29,0.9534
2016-05-30,0.9536
2016-05-31,0.9548
2016-06-01,0.9549
2016-06-02,0.9555
2016-06-03,0.9588
2016-06-04,0.9594
2016-06-05,0.9611
2016-06-06,0.9611
2016-06-07,0.9718
2016-06-08,0.9695
2016-06-09,0.9724
2016-06-10,0.9824
2016-06-11,0.9848
2016-06-12,0.9912
2016-06-13,0.9968
2016-06-14,1.0029
2016-06-15,1.0088
2016-06-16,1.0133
2016-06-17,1.02
2016-06-18,1.0271
2016-06-19,1.029
2016-06-20,1.0274
2016-06-21,1.0266
2016-06-22,1.0235
2016-06-23,1.0176
2016-06-24,1.014
2016-06-25,1.0085
2016-06-26,0.9971
2016-06-27,0.9876
2016-06-28,0.9782
2016-06-29,0.969
2016-06-30,0.9597
2016-07-01,0.9565
2016-07-02,0.9425
2016-07-03,0.9343
2016-07-04,0.9288
2016-07-05,0.9235
2016-07-06,0.9192
2016-07-07,0.9122
2016-07-08,0.907
2016-07-09,0.9022
2016-07-10,0.8954000000000001
2016-07-11,0.8892
2016-07-12,0.883
2016-07-13,0.8754000000000001
2016-07-14,0.8709
2016-07-15,0.8666
2016-07-16,0.8638
2016-07-17,0.8615
2016-07-18,0.8567
2016-07-19,0.8530000000000001
2016-07-20,0.8512000000000001
2016-07-21,0.8512000000000001
2016-07-22,0.8468
2016-07-23,0.8445
2016-07-24,0.8403
2016-07-25,0.8357
2016-07-26,0.8311000000000001
2016-07-27,0.8284
2016-07-28,0.8194
2016-07-29,0.8134
2016-07-30,0.8094
2016-07-31,0.8032
2016-08-01,0.7984
2016-08-02,0.7911
2016-08-03,0.7873
2016-08-04,0.7867000000000001
2016-08-05,0.787
2016-08-06,0.7853
2016-08-07,0.7828
2016-08-08,0.78
2016-08-09,0.7819
2016-08-10,0.7797000000000001
2016-08-11,0.78
2016-08-12,0.782
2016-08-13,0.7816000000000001
2016-08-14,0.7833
2016-08-15,0.7849
2016-08-16,0.7859
2016-08-17,0.7844
2016-08-18,0.7797000000000001
2016-08-19,0.7769
2016-08-20,0.7753
2016-08-21,0.7739
2016-08-22,0.7749
2016-08-23,0.777
2016-08-24,0.7781
2016-08-25,0.7782
2016-08-26,0.7804
2016-08-27,0.7826000000000001
2016-08-28,0.7868
2016-08-29,0.7904
2016-08-30,0.7942
2016-08-31,0.799
2016-09-01,0.8024
2016-09-02,0.807
2016-09-03,0.8115
2016-09-04,0.8152
2016-09-05,0.8188000000000001
2016-09-06,0.8225
2016-09-07,0.8228000000000001
2016-09-08,0.8254
2016-09-09,0.8242
2016-09-10,0.8222
2016-09-11,0.8171
2016-09-12,0.8136
2016-09-13,0.8045
2016-09-14,0.8
2016-09-15,0.7941
2016-09-16,0.7923
2016-09-17,0.7888000000000001
2016-09-18,0.784
2016-09-19,0.7801
2016-09-20,0.7785000000000001
2016-09-21,0.7771
2016-09-22,0.7756000000000001
2016-09-23,0.7756000000000001
2016-09-24,0.7743
2016-09-25,0.7713
2016-09-26,0.7685000000000001
2016-09-27,0.7667
2016-09-28,0.7665000000000001
2016-09-29,0.7654000000000001
2016-09-30,0.7654000000000001
2016-10-01,0.7645000000000001
2016-10-02,0.7661
2016-10-03,0.7665000000000001
2016-10-04,0.7675000000000001
2016-10-05,0.7685000000000001
2016-10-06,0.7661
2016-10-07,0.7629
2016-10-08,0.7627
2016-10-09,0.7591
2016-10-10,0.7563000000000001
2016-10-11,0.7531
2016-10-12,0.7532
2016-10-13,0.7522000000000001
2016-10-14,0.7489
2016-10-15,0.746
2016-10-16,0.7407
2016-10-17,0.737
2016-10-18,0.7312000000000001
2016-10-19,0.7285
2016-10-20,0.7261000000000001
2016-10-21,0.7268
2016-10-22,0.7261000000000001
2016-10-23,0.7249
2016-10-24,0.7255
2016-10-25,0.7261000000000001
2016-10-26,0.727
2016-10-27,0.7273000000000001
2016-10-28,0.7256
2016-10-29,0.7276
2016-10-30,0.7319
2016-10-31,0.7340000000000001
2016-11-01,0.7362000000000001
2016-11-02,0.7359
2016-11-03,0.737
2016-11-04,0.7383000000000001
2016-11-05,0.7393000000000001
2016-11-06,0.7416
2016-11-07,0.7426
2016-11-08,0.7428
2016-11-09,0.7463000000000001
2016-11-10,0.7486
2016-11-11,0.7498
2016-11-12,0.75
2016-11-13,0.7528
2016-11-14,0.7525000000000001
2016-11-15,0.7533000000000001
2016-11-16,0.7509
2016-11-17,0.75
2016-11-18,0.7478
2016-11-19,0.7463000000000001
2016-11-20,0.7429
2016-11-21,0.7409
2016-11-22,0.7401
2016-11-23,0.7369
2016-11-24,0.7369
2016-11-25,0.7345
2016-11-26,0.7333000000000001
2016-11-27,0.7364
2016-11-28,0.7346
2016-11-29,0.7333000000000001
2016-11-30,0.7296
2016-12-01,0.7285
2016-12-02,0.7237
2016-12-03,0.7220000000000001
2016-12-04,0.7186
2016-12-05,0.7177
2016-12-06,0.7186
2016-12-07,0.7174
2016-12-08,0.7159
2016-12-09,0.7149
2016-12-10,0.7135
2016-12-11,0.7098
2016-12-12,0.7083
2016-12-13,0.7091000000000001
2016-12-14,0.7091000000000001
2016-12-15,0.7090000000000001
2016-12-16,0.7070000000000001
2016-12-17,0.7055
2016-12-18,0.7043
2016-12-19,0.7032
2016-12-20,0.7017
2016-12-21,0.7002
2016-12-22,0.6993
2016-12-23,0.7001000000000001
2016-12-24,0.6997
2016-12-25,0.6974
2016-12-26,0.6972
2016-12-27,0.6946
2016-12-28,0.6929000000000001
2016-12-29,0.6946
2016-12-30,0.6939000000000001
2016-12-31,0.6958000000000001
2017-01-01,0.6948000000000001
2017-01-02,0.6954
2017-01-03,0.6949000000000001
2017-01-04,0.6940000000000001
2017-01-05,0.6961
2017-01-06,0.6976
2017-01-07,0.6985
2017-01-08,0.6976
2017-01-09,0.6981
2017-01-10,0.6976
2017-01-11,0.6983
2017-01-12,0.7002
2017-01-13,0.7006
2017-01-14,0.7008
2017-01-15,0.7022
2017-01-16,0.7032
2017-01-17,0.7050000000000001
2017-01-18,0.7064
2017-01-19,0.7073
2017-01-20,0.7094
2017-01-21,0.7102
2017-01-22,0.7101000000000001
2017-01-23,0.7091000000000001
2017-01-24,0.7099000000000001
2017-01-25,0.7096
2017-01-26,0.7086
2017-01-27,0.7054
2017-01-28,0.7041000000000001
2017-01-29,0.7022
2017-01-30,0.7038
2017-01-31,0.6999000000000001
2017-02-01,0.6952
2017-02-02,0.6925
2017-02-03,0.6893
2017-02-04,0.6849000000000001
2017-02-05,0.6822
2017-02-06,0.6793
2017-02-07,0.6767000000000001
2017-02-08,0.6729
2017-02-09,0.6703
2017-02-10,0.6692
2017-02-11,0.6676000000000001
2017-02-12,0.667
2017-02-13,0.6686000000000001
2017-02-14,0.6681
2017-02-15,0.6692
2017-02-16,0.6698000000000001
2017-02-17,0.6714
2017-02-18,0.6732
2017-02-19,0.6746
2017-02-20,0.6776
2017-02-21,0.6786
2017-02-22,0.6834
2017-02-23,0.6866
2017-02-24,0.6910000000000001
2017-02-25,0.6968000000000001
2017-02-26,0.7022
2017-02-27,0.7077
2017-02-28,0.7092
2017-03-01,0.7120000000000001
2017-03-02,0.7142000000000001
2017-03-03,0.7168
2017-03-04,0.7220000000000001
2017-03-05,0.7264
2017-03-06,0.732
2017-03-07,0.7372000000000001
2017-03-08,0.7412000000000001
2017-03-09,0.7440000000000001
2017-03-10,0.748
2017-03-11,0.7505000000000001
2017-03-12,0.7534000000000001
2017-03-13,0.7575000000000001
2017-03-14,0.7609
2017-03-15,0.7644000000000001
2017-03-16,0.7669
2017-03-17,0.7704000000000001
2017-03-18,0.7743
2017-03-19,0.7805000000000001
2017-03-20,0.7812
2017-03-21,0.7839
2017-03-22,0.7862
2017-03-23,0.79
2017-03-24,0.7921
2017-03-25,0.7929
2017-03-26,0.7935
2017-03-27,0.7939
2017-03-28,0.7955
2017-03-29,0.7952
2017-03-30,0.7958000000000001
2017-03-31,0.7986000000000001
2017-04-01,0.8009000000000001
2017-04-02,0.8028000000000001
2017-04-03,0.8082
2017-04-04,0.8105
2017-04-05,0.8122
2017-04-06,0.8149000000000001
2017-04-07,0.8186
2017-04-08,0.8199000000000001
2017-04-09,0.8232
2017-04-10,0.8248000000000001
2017-04-11,0.8274
2017-04-12,0.8313
2017-04-13,0.8344
2017-04-14,0.8372
2017-04-15,0.8415
2017-04-16,0.8485
2017-04-17,0.8500000000000001
2017-04-18,0.8558
2017-04-19,0.8632000000000001
2017-04-20,0.8754000000000001
2017-04-21,0.8859
2017-04-22,0.8968
2017-04-23,0.9063
2017-04-24,0.9174
2017-04-25,0.9307
2017-04-26,0.9411
2017-04-27,0.9503
2017-04-28,0.9582
2017-04-29,0.9706
2017-04-30,0.9786
2017-05-01,0.9851
2017-05-02,0.9929
2017-05-03,0.9974
2017-05-04,1.0017
2017-05-05,1.0026000000000002
2017-05-06,1.0032
2017-05-07,1.0009
2017-05-08,0.9963
2017-05-09,0.9931
2017-05-10,0.9865
2017-05-11,0.9805
2017-05-12,0.9728
2017-05-13,0.9616
2017-05-14,0.9498
2017-05-15,0.939
2017-05-16,0.9275
2017-05-17,0.9142
2017-05-18,0.9024
2017-05-19,0.894
2017-05-20,0.884
2017-05-21,0.8726
2017-05-22,0.8609
2017-05-23,0.8548
2017-05-24,0.8498
2017-05-25,0.8466
2017-05-26,0.8445
2017-05-27,0.8424
2017-05-28,0.8429000000000001
2017-05-29,0.8442000000000001
2017-05-30,0.8480000000000001
2017-05-31,0.8532000000000001
2017-06-01,0.8569
2017-06-02,0.8640000000000001
2017-06-03,0.871
2017-06-04,0.879
2017-06-05,0.8861
2017-06-06,0.8937
2017-06-07,0.9008
2017-06-08,0.9075
2017-06-09,0.9148
2017-06-10,0.922
2017-06-11,0.9255
2017-06-12,0.929
2017-06-13,0.93
2017-06-14,0.9319
2017-06-15,0.932
2017-06-16,0.9314
2017-06-17,0.9256
2017-06-18,0.9187
2017-06-19,0.9132
2017-06-20,0.9071
2017-06-21,0.9007000000000001
2017-06-22,0.8926000000000001
2017-06-23,0.8857
2017-06-24,0.8751
2017-06-25,0.866
2017-06-26,0.8550000000000001
2017-06-27,0.8453
2017-06-28,0.8354
2017-06-29,0.8252
2017-06-30,0.8161
2017-07-01,0.8095
2017-07-02,0.8056000000000001
2017-07-03,0.8021
2017-07-04,0.8009000000000001
2017-07-05,0.8015
2017-07-06,0.8043
2017-07-07,0.8035
2017-07-08,0.8079999999999999
2017-07-09,0.8076
2017-07-10,0.8092
2017-07-11,0.8076
2017-07-12,0.8105
2017-07-13,0.812
2017-07-14,0.8119000000000001
2017-07-15,0.8076
2017-07-16,0.807
2017-07-17,0.8067000000000001
2017-07-18,0.8054
2017-07-19,0.8064
2017-07-20,0.8063
2017-07-21,0.8068000000000001
2017-07-22,0.8066
2017-07-23,0.8047000000000001
2017-07-24,0.804
2017-07-25,0.8067000000000001
2017-07-26,0.8079000000000001
2017-07-27,0.8072
2017-07-28,0.8069000000000001
2017-07-29,0.809
2017-07-30,0.8103
2017-07-31,0.8135
2017-08-01,0.8147000000000001
2017-08-02,0.8093
2017-08-03,0.8082
2017-08-04,0.8067000000000001
2017-08-05,0.8067000000000001
2017-08-06,0.8078000000000001
2017-08-07,0.8105
2017-08-08,0.8109000000000001
2017-08-09,0.8141
2017-08-10,0.8177000000000001
2017-08-11,0.8140000000000001
2017-08-12,0.8178000000000001
2017-08-13,0.8218000000000001
2017-08-14,0.8250000000000001
2017-08-15,0.8274
2017-08-16,0.8297
2017-08-17,0.8335
2017-08-18,0.8351000000000001
2017-08-19,0.8378
2017-08-20,0.8374
2017-08-21,0.8369000000000001
2017-08-22,0.8387
2017-08-23,0.8420000000000001
2017-08-24,0.8437
2017-08-25,0.8442000000000001
2017-08-26,0.8439000000000001
2017-08-27,0.8444
2017-08-28,0.8386
2017-08-29,0.8336
2017-08-30,0.8328
2017-08-31,0.8286
2017-09-01,0.8271000000000001
2017-09-02,0.8214
2017-09-03,0.8154
2017-09-04,0.8129000000000001
2017-09-05,0.8086
2017-09-06,0.8065
2017-09-07,0.8036000000000001
2017-09-08,0.8028000000000001
2017-09-09,0.8021
2017-09-10,0.8024
2017-09-11,0.8024
2017-09-12,0.8034
2017-09-13,0.8059000000000001
2017-09-14,0.8059999999999999
2017-09-15,0.8066
2017-09-16,0.8076
2017-09-17,0.8093
2017-09-18,0.8094
2017-09-19,0.8115
2017-09-20,0.8125
2017-09-21,0.8096
2017-09-22,0.81
2017-09-23,0.81
2017-09-24,0.8105
2017-09-25,0.8085
2017-09-26,0.8079999999999999
2017-09-27,0.8115
2017-09-28,0.8132
2017-09-29,0.8128000000000001
2017-09-30,0.8114
2017-10-01,0.8093
2017-10-02,0.8073
2017-10-03,0.8078000000000001
2017-10-04,0.8059999999999999
2017-10-05,0.8056000000000001
2017-10-06,0.8033
2017-10-07,0.7999
2017-10-08,0.7979999999999999
2017-10-09,0.7943
2017-10-10,0.7908000000000001
2017-10-11,0.789
2017-10-12,0.7872
2017-10-13,0.7845000000000001
2017-10-14,0.7818
2017-10-15,0.7796000000000001
2017-10-16,0.7794000000000001
2017-10-17,0.7773
2017-10-18,0.7726000000000001
2017-10-19,0.7705000000000001
2017-10-20,0.768
2017-10-21,0.7677
2017-10-22,0.7682
2017-10-23,0.7702
2017-10-24,0.7675000000000001
2017-10-25,0.7648
2017-10-26,0.7628
2017-10-27,0.7565000000000001
2017-10-28,0.7545000000000001
2017-10-29,0.7517
2017-10-30,0.7449
2017-10-31,0.7391000000000001
2017-11-01,0.7333000000000001
2017-11-02,0.7279
2017-11-03,0.7238
2017-11-04,0.7186
2017-11-05,0.7152000000000001
2017-11-06,0.7119000000000001
2017-11-07,0.7092
2017-11-08,0.7066
2017-11-09,0.7047
2017-11-10,0.7014
2017-11-11,0.7006
2017-11-12,0.6989000000000001
2017-11-13,0.6983
2017-11-14,0.6952
2017-11-15,0.6948000000000001
2017-11-16,0.6947
2017-11-17,0.6938000000000001
2017-11-18,0.6941
2017-11-19,0.6899000000000001
2017-11-20,0.685
2017-11-21,0.6817000000000001
2017-11-22,0.6809999999999999
2017-11-23,0.6783
2017-11-24,0.6786
2017-11-25,0.6757000000000001
2017-11-26,0.675
2017-11-27,0.6742
2017-11-28,0.6742
2017-11-29,0.6752
2017-11-30,0.6752
2017-12-01,0.6759999999999999
2017-12-02,0.6755
2017-12-03,0.6737000000000001
2017-12-04,0.6738000000000001
2017-12-05,0.6714
2017-12-06,0.6689
2017-12-07,0.6653
2017-12-08,0.6631
2017-12-09,0.6593
2017-12-10,0.6552
2017-12-11,0.6489
2017-12-12,0.6445000000000001
2017-12-13,0.6392
2017-12-14,0.6339
2017-12-15,0.6308
2017-12-16,0.6274000000000001
2017-12-17,0.6259
2017-12-18,0.6222
2017-12-19,0.6208
2017-12-20,0.6197
2017-12-21,0.6203000000000001
2017-12-22,0.6215
2017-12-23,0.6198
2017-12-24,0.6216
2017-12-25,0.6257
2017-12-26,0.6292
2017-12-27,0.6323000000000001
2017-12-28,0.6342
2017-12-29,0.637
2017-12-30,0.6404000000000001
2017-12-31,0.6438
2018-01-01,0.6466000000000001
2018-01-02,0.6489
2018-01-03,0.6505000000000001
2018-01-04,0.6504
2018-01-05,0.6531
2018-01-06,0.6539
2018-01-07,0.6534
2018-01-08,0.6524
2018-01-09,0.6518
2018-01-10,0.6492
2018-01-11,0.6488
2018-01-12,0.6508
2018-01-13,0.6504
2018-01-14,0.65
2018-01-15,0.6498
2018-01-16,0.6497
2018-01-17,0.6503
2018-01-18,0.6509999999999999
2018-01-19,0.6511
2018-01-20,0.6524
2018-01-21,0.6543
2018-01-22,0.6563
2018-01-23,0.6599
2018-01-24,0.6646000000000001
2018-01-25,0.6687000000000001
2018-01-26,0.6723
2018-01-27,0.6747000000000001
2018-01-28,0.6777000000000001
2018-01-29,0.6828000000000001
2018-01-30,0.6895
2018-01-31,0.6944
2018-02-01,0.6992
2018-02-02,0.7049000000000001
2018-02-03,0.7058
2018-02-04,0.7107
2018-02-05,0.7147
2018-02-06,0.7237
2018-02-07,0.7254
2018-02-08,0.7297
2018-02-09,0.7340000000000001
2018-02-10,0.7363000000000001
2018-02-11,0.7354
2018-02-12,0.735
2018-02-13,0.7376
2018-02-14,0.737
2018-02-15,0.7372000000000001
2018-02-16,0.7389
2018-02-17,0.7381000000000001
2018-02-18,0.7374
2018-02-19,0.7378
2018-02-20,0.7369
2018-02-21,0.7363000000000001
2018-02-22,0.7339
2018-02-23,0.7306
2018-02-24,0.7278
2018-02-25,0.7265
2018-02-26,0.7264
2018-02-27,0.7243
2018-02-28,0.7232000000000001
2018-03-01,0.7220000000000001
2018-03-02,0.7187
2018-03-03,0.7165
2018-03-04,0.7135
2018-03-05,0.7106
2018-03-06,0.7072
2018-03-07,0.7015
2018-03-08,0.6961
2018-03-09,0.6921
2018-03-10,0.6895
2018-03-11,0.6875
2018-03-12,0.6843
2018-03-13,0.6848000000000001
2018-03-14,0.6837000000000001
2018-03-15,0.6821
2018-03-16,0.6812
2018-03-17,0.6813
2018-03-18,0.6817000000000001
2018-03-19,0.6866
2018-03-20,0.6886
2018-03-21,0.6969000000000001
2018-03-22,0.7069000000000001
2018-03-23,0.7182000000000001
2018-03-24,0.7332000000000001
2018-03-25,0.7489
2018-03-26,0.7659999999999999
2018-03-27,0.7844
2018-03-28,0.8059999999999999
2018-03-29,0.8259000000000001
2018-03-30,0.8468
2018-03-31,0.8678
2018-04-01,0.8879
2018-04-02,0.9027
2018-04-03,0.9235
2018-04-04,0.9408
2018-04-05,0.9559
2018-04-06,0.9673
2018-04-07,0.9765
2018-04-08,0.9829
2018-04-09,0.9887
2018-04-10,0.9876
2018-04-11,0.9839
2018-04-12,0.9783
2018-04-13,0.9685
2018-04-14,0.9566
2018-04-15,0.944
2018-04-16,0.9277
2018-04-17,0.9122
2018-04-18,0.8931
2018-04-19,0.8732000000000001
2018-04-20,0.8522000000000001
2018-04-21,0.8319000000000001
2018-04-22,0.8119000000000001
2018-04-23,0.7918000000000001
2018-04-24,0.7714000000000001
2018-04-25,0.7521
2018-04-26,0.7336
2018-04-27,0.7196
2018-04-28,0.7031000000000001
2018-04-29,0.6877
2018-04-30,0.6742
2018-05-01,0.6679999999999999
2018-05-02,0.6584
2018-05-03,0.653
2018-05-04,0.643
2018-05-05,0.6377
2018-05-06,0.6324000000000001
2018-05-07,0.6291
2018-05-08,0.6248
2018-05-09,0.6215
2018-05-10,0.6196
2018-05-11,0.619
2018-05-12,0.6198
2018-05-13,0.617
2018-05-14,0.6173000000000001
2018-05-15,0.6172000000000001
2018-05-16,0.6176
2018-05-17,0.6194000000000001
2018-05-18,0.6212
2018-05-19,0.6259
2018-05-20,0.6277
2018-05-21,0.6295000000000001
2018-05-22,0.6313000000000001
2018-05-23,0.6346
2018-05-24,0.6374000000000001
2018-05-25,0.6382
2018-05-26,0.6386000000000001
2018-05-27,0.6423
2018-05-28,0.6458
2018-05-29,0.6473
2018-05-30,0.6489
2018-05-31,0.6537000000000001
2018-06-01,0.6575000000000001
2018-06-02,0.6581
2018-06-03,0.6627000000000001
2018-06-04,0.6637000000000001
2018-06-05,0.6674
2018-06-06,0.6689
2018-06-07,0.6709999999999999
2018-06-08,0.6723
2018-06-09,0.6712
2018-06-10,0.6743
2018-06-11,0.6751
2018-06-12,0.6759999999999999
2018-06-13,0.6791
2018-06-14,0.6804
2018-06-15,0.6828000000000001
2018-06-16,0.6848000000000001
2018-06-17,0.685
2018-06-18,0.6874
2018-06-19,0.6880000000000001
2018-06-20,0.6919000000000001
2018-06-21,0.6927
2018-06-22,0.6940000000000001
2018-06-23,0.6957
2018-06-24,0.6978000000000001
2018-06-25,0.6990000000000001
2018-06-26,0.7014
2018-06-27,0.7047
2018-06-28,0.7082
2018-06-29,0.7111000000000001
2018-06-30,0.7150000000000001
2018-07-01,0.7170000000000001
2018-07-02,0.7189
2018-07-03,0.7182000000000001
2018-07-04,0.7167
2018-07-05,0.7160000000000001
2018-07-06,0.7156
2018-07-07,0.7137
2018-07-08,0.7111000000000001
2018-07-09,0.7074
2018-07-10,0.7049000000000001
2018-07-11,0.7020000000000001
2018-07-12,0.6951
2018-07-13,0.6932
2018-07-14,0.6836
2018-07-15,0.6781
2018-07-16,0.6714
2018-07-17,0.6711
2018-07-18,0.6659999999999999
2018-07-19,0.6622
2018-07-20,0.6578
2018-07-21,0.6568
2018-07-22,0.6555000000000001
2018-07-23,0.6501
2018-07-24,0.6477
2018-07-25,0.6432
2018-07-26,0.6408
2018-07-27,0.6371
2018-07-28,0.6355000000000001
2018-07-29,0.6361
2018-07-30,0.6371
2018-07-31,0.6389
2018-08-01,0.64
2018-08-02,0.6419
2018-08-03,0.6448
2018-08-04,0.6488
2018-08-05,0.6512
2018-08-06,0.6528
2018-08-07,0.6566000000000001
2018-08-08,0.6558
2018-08-09,0.657
2018-08-10,0.6612
2018-08-11,0.6628000000000001
2018-08-12,0.6641
2018-08-13,0.6705
2018-08-14,0.6753
2018-08-15,0.6781
2018-08-16,0.6808000000000001
2018-08-17,0.6821
2018-08-18,0.6844
2018-08-19,0.6878000000000001
2018-08-20,0.6869000000000001
2018-08-21,0.6894
2018-08-22,0.6897
2018-08-23,0.6908000000000001
2018-08-24,0.6920000000000001
2018-08-25,0.6934
2018-08-26,0.6933
2018-08-27,0.6928000000000001
2018-08-28,0.6922
2018-08-29,0.6904
2018-08-30,0.6874
2018-08-31,0.6864
2018-09-01,0.6837000000000001
2018-09-02,0.6825
2018-09-03,0.6847000000000001
2018-09-04,0.6853
2018-09-05,0.6853
2018-09-06,0.6889000000000001
2018-09-07,0.6911
2018-09-08,0.6922
2018-09-09,0.6961
2018-09-10,0.6946
2018-09-11,0.6979000000000001
2018-09-12,0.7024
2018-09-13,0.7044
2018-09-14,0.7095
2018-09-15,0.7107
2018-09-16,0.7135
2018-09-17,0.7154
2018-09-18,0.7188
2018-09-19,0.7199
2018-09-20,0.7229
2018-09-21,0.7231000000000001
2018-09-22,0.7233
2018-09-23,0.7226
2018-09-24,0.7226
2018-09-25,0.7180000000000001
2018-09-26,0.7184
2018-09-27,0.7188
2018-09-28,0.7210000000000001
2018-09-29,0.7240000000000001
2018-09-30,0.7255
2018-10-01,0.7272000000000001
2018-10-02,0.7314
2018-10-03,0.7347
2018-10-04,0.737
2018-10-05,0.7414000000000001
2018-10-06,0.7447
2018-10-07,0.7478
2018-10-08,0.7509999999999999
2018-10-09,0.7539
2018-10-10,0.7522000000000001
2018-10-11,0.7542
2018-10-12,0.7543000000000001
2018-10-13,0.7517
2018-10-14,0.7509999999999999
2018-10-15,0.7466
2018-10-16,0.7440000000000001
2018-10-17,0.7445
2018-10-18,0.7407
2018-10-19,0.74
2018-10-20,0.7384000000000001
2018-10-21,0.737
2018-10-22,0.7338
2018-10-23,0.7289
2018-10-24,0.7273000000000001
2018-10-25,0.7232000000000001
2018-10-26,0.7177
2018-10-27,0.7127
2018-10-28,0.7102
2018-10-29,0.7071000000000001
2018-10-30,0.7014
2018-10-31,0.6997
2018-11-01,0.6984
2018-11-02,0.6935
2018-11-03,0.6915
2018-11-04,0.6897
2018-11-05,0.6829000000000001
2018-11-06,0.68
2018-11-07,0.6746
2018-11-08,0.6709999999999999
2018-11-09,0.6687000000000001
2018-11-10,0.6652
2018-11-11,0.6634
2018-11-12,0.662
2018-11-13,0.6645
2018-11-14,0.6621
2018-11-15,0.6588
2018-11-16,0.6547000000000001
2018-11-17,0.653
2018-11-18,0.6486000000000001
2018-11-19,0.6436000000000001
2018-11-20,0.6379
2018-11-21,0.6344000000000001
2018-11-22,0.6301
2018-11-23,0.6263000000000001
2018-11-24,0.6223000000000001
2018-11-25,0.6195
2018-11-26,0.6165
2018-11-27,0.6144000000000001
2018-11-28,0.6136
2018-11-29,0.6126
2018-11-30,0.6123000000000001
2018-12-01,0.6093000000000001
2018-12-02,0.6081
2018-12-03,0.6091
2018-12-04,0.6096
2018-12-05,0.612
2018-12-06,0.6125
2018-12-07,0.6128
2018-12-08,0.6096
2018-12-09,0.6078
2018-12-10,0.6092000000000001
2018-12-11,0.6072000000000001
2018-12-12,0.6064
2018-12-13,0.6072000000000001
2018-12-14,0.6076
2018-12-15,0.6086
2018-12-16,0.6085
2018-12-17,0.6096
2018-12-18,0.6109
2018-12-19,0.6126
2018-12-20,0.6104
2018-12-21,0.6104
2018-12-22,0.6126
2018-12-23,0.6127
2018-12-24,0.614
2018-12-25,0.6166
2018-12-26,0.6169
2018-12-27,0.6197
2018-12-28,0.6206
2018-12-29,0.6253000000000001
2018-12-30,0.6298
2018-12-31,0.6346
2019-01-01,0.6396000000000001
2019-01-02,0.6473
2019-01-03,0.6512
2019-01-04,0.6536000000000001
2019-01-05,0.6574
2019-01-06,0.6601
2019-01-07,0.6655
2019-01-08,0.6706000000000001
2019-01-09,0.6751
2019-01-10,0.6806
2019-01-11,0.6874
2019-01-12,0.6916
2019-01-13,0.6968000000000001
2019-01-14,0.7031000000000001
2019-01-15,0.7100000000000001
2019-01-16,0.7158
2019-01-17,0.7228
2019-01-18,0.7274
2019-01-19,0.7366
2019-01-20,0.7382000000000001
2019-01-21,0.7427
2019-01-22,0.7417
2019-01-23,0.7462000000000001
2019-01-24,0.7462000000000001
2019-01-25,0.7472000000000001
2019-01-26,0.7482000000000001
2019-01-27,0.7512000000000001
2019-01-28,0.7542
2019-01-29,0.7523000000000001
2019-01-30,0.7534000000000001
2019-01-31,0.7536
2019-02-01,0.7586
2019-02-02,0.7603000000000001
2019-02-03,0.7612
2019-02-04,0.7621
2019-02-05,0.7611
2019-02-06,0.7616
2019-02-07,0.7611
2019-02-08,0.7596
2019-02-09,0.7583000000000001
2019-02-10,0.7542
2019-02-11,0.7529
2019-02-12,0.7506
2019-02-13,0.7490000000000001
2019-02-14,0.746
2019-02-15,0.7443000000000001
2019-02-16,0.7425
2019-02-17,0.7397
2019-02-18,0.737
2019-02-19,0.737
2019-02-20,0.7346
2019-02-21,0.7344
2019-02-22,0.7336
2019-02-23,0.732
2019-02-24,0.7353000000000001
2019-02-25,0.7351000000000001
2019-02-26,0.7340000000000001
2019-02-27,0.737
2019-02-28,0.7362000000000001
2019-03-01,0.741
2019-03-02,0.7465
2019-03-03,0.75
2019-03-04,0.7539
2019-03-05,0.7545000000000001
2019-03-06,0.7578
2019-03-07,0.7601
2019-03-08,0.7621
2019-03-09,0.7647
2019-03-10,0.7692
2019-03-11,0.773
2019-03-12,0.7758
2019-03-13,0.7797000000000001
2019-03-14,0.7837000000000001
2019-03-15,0.7874
2019-03-16,0.7898000000000001
2019-03-17,0.7921
2019-03-18,0.7967000000000001
2019-03-19,0.7997000000000001
2019-03-20,0.8049000000000001
2019-03-21,0.8066
2019-03-22,0.8122
2019-03-23,0.8156
2019-03-24,0.8204
2019-03-25,0.8238000000000001
2019-03-26,0.8277
2019-03-27,0.8318000000000001
2019-03-28,0.8351000000000001
2019-03-29,0.8390000000000001
2019-03-30,0.8411000000000001
2019-03-31,0.8416
2019-04-01,0.8428
2019-04-02,0.8438
2019-04-03,0.8439000000000001
2019-04-04,0.8451000000000001
2019-04-05,0.8469
2019-04-06,0.8477
2019-04-07,0.8456
2019-04-08,0.8445
2019-04-09,0.8419000000000001
2019-04-10,0.8405
2019-04-11,0.8394
2019-04-12,0.8367
2019-04-13,0.8336
2019-04-14,0.8309000000000001
2019-04-15,0.8285
2019-04-16,0.8252
2019-04-17,0.8224
2019-04-18,0.8213
2019-04-19,0.8200000000000001
2019-04-20,0.8169000000000001
2019-04-21,0.8133
2019-04-22,0.8114
2019-04-23,0.8117000000000001
2019-04-24,0.8130000000000001
2019-04-25,0.8131
2019-04-26,0.8144
2019-04-27,0.8162
2019-04-28,0.8183
2019-04-29,0.8215
2019-04-30,0.8242
2019-05-01,0.8286
2019-05-02,0.8321000000000001
2019-05-03,0.8338
2019-05-04,0.8344
2019-05-05,0.8341000000000001
2019-05-06,0.8342
2019-05-07,0.8332
2019-05-08,0.8296
2019-05-09,0.8296
2019-05-10,0.8282
2019-05-11,0.8271000000000001
2019-05-12,0.8262
